DateTime,log_diff
2006-12-17,-0.2056270033681442
2006-12-18,-0.28190747269277894
2006-12-19,-0.15963604600080272
2006-12-20,0.16563422475268108
2006-12-21,-0.14937472161898524
2006-12-22,0.18042022958850734
2006-12-23,0.496628081694779
2006-12-24,-0.442911758532214
2006-12-25,0.04726314117735941
2006-12-26,0.250535599314859
2006-12-27,-0.5934486216920712
2006-12-28,0.16822296492813482
2006-12-29,0.2728127928194167
2006-12-30,-0.08420702404787606
2006-12-31,0.1512166507638768
2007-01-01,-0.16372674483347072
2007-01-02,-0.4357963205204347
2007-01-03,-0.09892532538924936
2007-01-04,0.6496960435699864
2007-01-05,-0.12351878621503065
2007-01-06,-0.34266341966051717
2007-01-07,0.27654195656511316
2007-01-08,-0.0545148960703169
2007-01-09,-0.10661990118986009
2007-01-10,0.08282600886611524
2007-01-11,0.027544699602779277
2007-01-12,-0.24187552268923118
2007-01-13,0.4667109765683012
2007-01-14,-0.03873118287933264
2007-01-15,-0.2153534378486447
2007-01-16,-0.13790042726362828
2007-01-17,0.3158641976349219
2007-01-18,-0.2735720988218987
2007-01-19,-0.11044127124548497
2007-01-20,0.4485952119821691
2007-01-21,0.05808450761439299
2007-01-22,-0.2918035288407246
2007-01-23,-0.11796230903066551
2007-01-24,0.3192668707213805
2007-01-25,-0.3772608822089113
2007-01-26,0.0070977910561322854
2007-01-27,0.13044977352434584
2007-01-28,0.26303884410244893
2007-01-29,-0.2808213735595456
2007-01-30,-0.08371603445010556
2007-01-31,0.18928478725503617
2007-02-01,-0.15280169489045703
2007-02-02,-0.04929176632268373
2007-02-03,0.5653333056605941
2007-02-04,-0.08262759057977709
2007-02-05,-0.4899577869043349
2007-02-06,-0.12841047104963232
2007-02-07,0.32831718983324465
2007-02-08,-0.15053947941884804
2007-02-09,-0.05753003460061512
2007-02-10,0.33297681805297863
2007-02-11,0.16022455703643246
2007-02-12,-0.4124363506700742
2007-02-13,-0.15033183297402242
2007-02-14,0.3219307994575714
2007-02-15,-0.13964112214656232
2007-02-16,-0.08617491696363899
2007-02-17,0.11255576030782244
2007-02-18,0.40440186838933245
2007-02-19,-0.37368576964772915
2007-02-20,0.23556490707949584
2007-02-21,-0.26742983181498103
2007-02-22,0.31541991244609546
2007-02-23,-0.5589888520948477
2007-02-24,-0.24511103820611146
2007-02-25,-0.10417004969427257
2007-02-26,0.033795730330785645
2007-02-27,-0.025399464943450023
2007-02-28,0.0013585495518003143
2007-03-01,-0.0016384501378435279
2007-03-02,-0.0009587934248624363
2007-03-03,0.14423419253779074
2007-03-04,0.44651990934457264
2007-03-05,0.14957179447208135
2007-03-06,-0.42282871485493145
2007-03-07,0.3507554294706433
2007-03-08,-0.2363465269788143
2007-03-09,-0.10473612534183141
2007-03-10,0.36938096440932133
2007-03-11,0.22614481769641603
2007-03-12,-0.37241083831445276
2007-03-13,-0.21667259706949316
2007-03-14,0.16916872627380386
2007-03-15,0.02789065136116975
2007-03-16,-0.05653700650234805
2007-03-17,0.0987272839474993
2007-03-18,0.09429968200297434
2007-03-19,-0.059050342744723205
2007-03-20,-0.01862460500466523
2007-03-21,0.01571824289188617
2007-03-22,-0.21296947559719515
2007-03-23,-0.051737392358910506
2007-03-24,0.47227849767416685
2007-03-25,0.08019069987485139
2007-03-26,-0.5142585613272725
2007-03-27,-0.11526509723708112
2007-03-28,0.3939227612414108
2007-03-29,-0.21941181560979073
2007-03-30,-0.06404994911405548
2007-03-31,0.554641926951537
2007-04-01,-0.15804402091082648
2007-04-02,-0.21724033189554237
2007-04-03,-0.09815946646609264
2007-04-04,0.12459207406628248
2007-04-05,-0.06135089374495417
2007-04-06,-0.07685349770744898
2007-04-07,-0.015647543549484944
2007-04-08,0.01816841695643745
2007-04-09,-0.22237830110989698
2007-04-10,-0.09605591442638761
2007-04-11,0.04846789352554548
2007-04-12,-0.16284940935100367
2007-04-13,0.0067104875763552285
2007-04-14,0.001628990973204958
2007-04-15,0.08268079559934527
2007-04-16,0.09933500495918424
2007-04-17,0.10743603156646198
2007-04-18,-0.08844996949518846
2007-04-19,0.012395754802345782
2007-04-20,-0.08716892806727466
2007-04-21,0.31929184337647304
2007-04-22,0.1654055409922105
2007-04-23,-0.3870883732745305
2007-04-24,-0.009046774325326079
2007-04-25,0.08972407577703989
2007-04-26,0.004171510071246498
2007-04-27,-0.06903348623002459
2007-04-28,-0.1594117686916227
2007-04-29,-0.005757707408835133
2007-04-30,0.062003579149378485
2007-05-01,0.30588165933298983
2007-05-02,-0.23922014562658023
2007-05-03,0.03488766123599463
2007-05-04,-0.03708283772950438
2007-05-05,0.20839857313683197
2007-05-06,0.16509179600340518
2007-05-07,-0.13860240052267203
2007-05-08,0.04614441781205847
2007-05-09,-0.039012193827741015
2007-05-10,-0.3687675528696695
2007-05-11,0.11893472080806361
2007-05-12,0.1749160040973572
2007-05-13,0.06488579800705485
2007-05-14,-0.05582910312733902
2007-05-15,-0.21536449802175617
2007-05-16,0.2899470443410176
2007-05-17,-0.15921474654053303
2007-05-18,0.13941741776102723
2007-05-19,-0.06805822300744768
2007-05-20,0.17210426268594103
2007-05-21,-0.2861903715191535
2007-05-22,0.004983534292845926
2007-05-23,0.12139634783907394
2007-05-24,-0.11306070842674854
2007-05-25,0.16317359022176636
2007-05-26,-0.03395732682551822
2007-05-27,0.19664545051410254
2007-05-28,-0.15510518359167802
2007-05-29,-0.2072805926945812
2007-05-30,0.1982710669504809
2007-05-31,-0.24860659690639653
2007-06-01,0.043932092920708654
2007-06-02,0.16265318599189005
2007-06-03,0.19331505525848847
2007-06-04,-0.411287790612981
2007-06-05,0.20922499314031223
2007-06-06,0.07848301856217033
2007-06-07,-0.25697926445076336
2007-06-08,0.39177541549581374
2007-06-09,-0.3481954978630616
2007-06-10,0.09333070462044657
2007-06-11,-0.21865656514672216
2007-06-12,0.054052194693607836
2007-06-13,0.0035996363908298856
2007-06-14,0.13117421886729363
2007-06-15,-0.10518417507999467
2007-06-16,0.3528932778719681
2007-06-17,-0.020650413311178784
2007-06-18,-0.4692751274957648
2007-06-19,0.07575752969355809
2007-06-20,0.09553531875697968
2007-06-21,-0.1124169057534557
2007-06-22,-0.11328272175182197
2007-06-23,-0.04523256563547584
2007-06-24,0.11657440855898477
2007-06-25,0.15352857734227643
2007-06-26,-0.05199911021284542
2007-06-27,0.20270590381763332
2007-06-28,-0.06557488368625808
2007-06-29,0.003286206304868866
2007-06-30,0.011186118341159457
2007-07-01,-0.11789726348986695
2007-07-02,-0.024472177190245303
2007-07-03,0.03786107798451688
2007-07-04,-0.022860926617400912
2007-07-05,0.021811539284003145
2007-07-06,0.004886949803996288
2007-07-07,0.10888540382511058
2007-07-08,-0.101122897306272
2007-07-09,0.03537902105416524
2007-07-10,-0.1095327390735516
2007-07-11,-0.08250536404920844
2007-07-12,0.14891968723538418
2007-07-13,-0.11615152564838604
2007-07-14,0.19966637499269135
2007-07-15,-0.09651023833749472
2007-07-16,-0.07696591766082761
2007-07-17,-0.06021706194580678
2007-07-18,0.01719227951806329
2007-07-19,-0.036711694961060914
2007-07-20,0.18584041430639575
2007-07-21,-0.019868908720260814
2007-07-22,0.11937485445060336
2007-07-23,-0.14745468173784415
2007-07-24,-0.07060996227866334
2007-07-25,-0.169257478612791
2007-07-26,0.2121239243263281
2007-07-27,0.11116415365967275
2007-07-28,0.147292490875781
2007-07-29,-0.5530755286287935
2007-07-30,0.0794871363264823
2007-07-31,0.16653128858812788
2007-08-01,0.10612139276602045
2007-08-02,-0.018163593302251146
2007-08-03,0.017711503978955268
2007-08-04,0.032086212115167934
2007-08-05,-0.14902224678551956
2007-08-06,0.12740923198264253
2007-08-07,0.1447002680415158
2007-08-08,-0.13066251752051017
2007-08-09,-0.021194523242773156
2007-08-10,-0.01753969405752187
2007-08-11,0.025459106180694024
2007-08-12,0.0576557259559306
2007-08-13,-0.03370685564539977
2007-08-14,-0.08521977166498051
2007-08-15,0.10009045783395731
2007-08-16,-0.09284894630938545
2007-08-17,0.02120206770275268
2007-08-18,-0.31496863681593246
2007-08-19,0.47054809608881987
2007-08-20,-0.029589107064992515
2007-08-21,-0.28843830870664044
2007-08-22,0.24089119908949574
2007-08-23,-0.03748756948005849
2007-08-24,0.19327411811313677
2007-08-25,-0.17827614683316362
2007-08-26,0.06138573589754692
2007-08-27,-0.03817106505469092
2007-08-28,-0.08444284118182688
2007-08-29,-0.10778518775813217
2007-08-30,0.18872531635028833
2007-08-31,0.028856892393859135
2007-09-01,0.14412949939102726
2007-09-02,-0.01249801260035388
2007-09-03,-0.22437413552282048
2007-09-04,0.19906879065683303
2007-09-05,-0.12235570762198733
2007-09-06,-0.1337562257061239
2007-09-07,0.17040905544913942
2007-09-08,0.04687815314820387
2007-09-09,0.0696055195128984
2007-09-10,-0.19869164087715319
2007-09-11,-0.05373924785933282
2007-09-12,0.11823974101465884
2007-09-13,-0.053222238050547155
2007-09-14,-0.004227946192494336
2007-09-15,-0.015715335339135605
2007-09-16,0.1985738667276864
2007-09-17,-0.06377095421450085
2007-09-18,-0.10672004086052422
2007-09-19,0.04907793500650115
2007-09-20,-0.01588192557500856
2007-09-21,-0.0062341204807124795
2007-09-22,-0.023649286327281693
2007-09-23,0.08839940193259865
2007-09-24,-0.02244764755859241
2007-09-25,0.13684283003962394
2007-09-26,0.02014009031789743
2007-09-27,-0.14345183760240865
2007-09-28,0.09679758667066729
2007-09-29,0.18016262776502145
2007-09-30,-0.2342201284118891
2007-10-01,0.06692865337154441
2007-10-02,0.14080778783349124
2007-10-03,-0.2908727668826011
2007-10-04,0.08386940850614666
2007-10-05,-0.04294658295906717
2007-10-06,0.12025351526048655
2007-10-07,0.10387723708346142
2007-10-08,-0.3355632600377769
2007-10-09,0.21005932923553505
2007-10-10,-0.18215903065402939
2007-10-11,0.196313504605797
2007-10-12,0.055801021263230055
2007-10-13,0.003637432386767392
2007-10-14,0.0391792659816369
2007-10-15,-0.2575271452839176
2007-10-16,0.2294875759875845
2007-10-17,-0.1208412914686392
2007-10-18,-0.019547234694621496
2007-10-19,0.17537172579985438
2007-10-20,-0.1285827859754597
2007-10-21,0.08696804615596632
2007-10-22,-0.08934164051269
2007-10-23,0.09419804082455951
2007-10-24,-0.027677019155463167
2007-10-25,-0.003551152794365242
2007-10-26,-0.1351322447400366
2007-10-27,0.11420076786939704
2007-10-28,-0.5022108334905753
2007-10-29,0.016899080687410806
2007-10-30,0.12554360786870555
2007-10-31,0.19043321564629634
2007-11-01,-0.341075778661765
2007-11-02,0.3983046542466967
2007-11-03,-0.4001998327595686
2007-11-04,0.4146886087345586
2007-11-05,0.005081938523986085
2007-11-06,0.18052540807386774
2007-11-07,-0.06984334866415964
2007-11-08,-0.11052292044637346
2007-11-09,0.20527726629015985
2007-11-10,0.11506453795251592
2007-11-11,-0.19700359767415732
2007-11-12,0.07775444929624953
2007-11-13,0.016068657301288147
2007-11-14,-0.046604587892117966
2007-11-15,-0.17364609461517844
2007-11-16,0.24600954658395624
2007-11-17,0.0770498528951008
2007-11-18,-0.11120088653555382
2007-11-19,-0.13581151551092907
2007-11-20,0.11122773128508956
2007-11-21,-0.1013019806584412
2007-11-22,0.05396469419522998
2007-11-23,0.1612867844387773
2007-11-24,-0.1712173846023365
2007-11-25,-0.16343468365710423
2007-11-26,0.05959287246949274
2007-11-27,0.34295619785991915
2007-11-28,-0.3182697117880875
2007-11-29,0.023866386617007462
2007-11-30,0.1771346570461091
2007-12-01,0.1930607691666758
2007-12-02,-0.04213350831732798
2007-12-03,-0.31466616004663395
2007-12-04,0.09114795361084682
2007-12-05,0.024078599549714474
2007-12-06,0.0890926820589708
2007-12-07,-0.20214923981483535
2007-12-08,0.1296949876381489
2007-12-09,0.01660735770360766
2007-12-10,-0.1495053344544346
2007-12-11,0.15768802796452241
2007-12-12,-0.21252657601706648
2007-12-13,0.08227941267467143
2007-12-14,0.03791904529294343
2007-12-15,0.2014423298019834
2007-12-16,0.006048882437594605
2007-12-17,-0.26052630700806056
2007-12-18,0.22688318970903265
2007-12-19,-0.11107088619206162
2007-12-20,-0.07013994522956302
2007-12-21,0.009634951510143153
2007-12-22,0.16863544726750024
2007-12-23,-0.05120308619571279
2007-12-24,-0.040074816174389793
2007-12-25,0.11172856080962712
2007-12-26,-0.028128037684062468
2007-12-27,-0.0120319580635464
2007-12-28,0.1364781834453903
2007-12-29,0.04001908095464035
2007-12-30,-0.16979353389038243
2007-12-31,-0.0895054323357618
2008-01-01,0.13850425033417557
2008-01-02,-0.3087603163339311
2008-01-03,-0.04442004620615381
2008-01-04,0.23506284532728838
2008-01-05,-0.029533764048652267
2008-01-06,-0.10405474470591736
2008-01-07,-0.04042732691911144
2008-01-08,0.10516309926055734
2008-01-09,-0.07605284033551529
2008-01-10,0.03219653107996845
2008-01-11,-0.0581216277867328
2008-01-12,0.31519058117826804
2008-01-13,0.003404221953139608
2008-01-14,-0.22197574722470437
2008-01-15,0.1748364199185226
2008-01-16,-0.14332595811800242
2008-01-17,-0.1715055383771309
2008-01-18,0.1857046207227928
2008-01-19,-0.05867253101966152
2008-01-20,-0.07273310738908845
2008-01-21,0.036621872634839625
2008-01-22,0.1321338561149784
2008-01-23,-0.12509291999182282
2008-01-24,-0.07410093351278713
2008-01-25,0.17631483236812895
2008-01-26,0.14990767438679842
2008-01-27,-0.1120686759132502
2008-01-28,-0.01943796188802971
2008-01-29,0.09361299129263334
2008-01-30,-0.28974833360578334
2008-01-31,0.0968468695626713
2008-02-01,-0.1318591274498886
2008-02-02,0.3870216620230952
2008-02-03,-0.21739084382620133
2008-02-04,-0.1386870126257812
2008-02-05,0.24309444685993953
2008-02-06,-0.2296905045131059
2008-02-07,-0.04985664594521799
2008-02-08,0.13637811989722037
2008-02-09,0.043773179167255094
2008-02-10,0.02300593023962083
2008-02-11,-0.14609850197007657
2008-02-12,0.09024118583921092
2008-02-13,-0.025798174841103583
2008-02-14,-0.09274314214537294
2008-02-15,0.12360752447639789
2008-02-16,0.09457613763827599
2008-02-17,-0.11564876582150219
2008-02-18,-0.13261471335013897
2008-02-19,0.1884044184303505
2008-02-20,0.03495167431839341
2008-02-21,-0.18372218364756732
2008-02-22,0.03160924619849581
2008-02-23,0.03222775040133885
2008-02-24,-0.1924026172047527
2008-02-25,-0.32936652362199376
2008-02-26,0.0013526544304094945
2008-02-27,0.030150190599736726
2008-02-28,-0.029090724914787924
2008-02-29,0.3526444311548311
2008-03-01,-0.07153898812832515
2008-03-02,0.007850966098701617
2008-03-03,-0.047886922800760456
2008-03-04,0.22581760482094804
2008-03-05,0.11193175831871338
2008-03-06,0.1257649322942227
2008-03-07,-0.1771767801192684
2008-03-08,0.1104454233715898
2008-03-09,-0.20649830478597686
2008-03-10,0.019220468293542736
2008-03-11,0.17400980806767075
2008-03-12,-0.12440677113930232
2008-03-13,-0.03119430225154618
2008-03-14,0.15839329309782813
2008-03-15,-0.19075652505563123
2008-03-16,0.07214717047947705
2008-03-17,-0.029754523993458792
2008-03-18,0.06479274552430947
2008-03-19,-0.20017991797628032
2008-03-20,-0.02027883480974957
2008-03-21,0.26384429422865274
2008-03-22,-0.0036931692138754135
2008-03-23,0.0751020959601636
2008-03-24,-0.09746087684506932
2008-03-25,0.01152028535792482
2008-03-26,-0.11726231621865857
2008-03-27,-0.08933089992994858
2008-03-28,0.1681202175165235
2008-03-29,0.16223426362523785
2008-03-30,-0.08668476519273127
2008-03-31,-0.2412718718638195
2008-04-01,0.23642520296575398
2008-04-02,-0.13073296708002313
2008-04-03,-0.198145312203294
2008-04-04,0.17888038719473254
2008-04-05,0.1046336045215881
2008-04-06,-0.0838862263339808
2008-04-07,-0.05151620882063224
2008-04-08,0.31884764486042516
2008-04-09,-0.4324864857589946
2008-04-10,0.09291694970077213
2008-04-11,0.12844952042772495
2008-04-12,0.24530565030746931
2008-04-13,-0.14356161589309024
2008-04-14,-0.19258029902271923
2008-04-15,0.02632860808506976
2008-04-16,-0.06007034622668128
2008-04-17,-0.03233697066647223
2008-04-18,0.15230050135837747
2008-04-19,0.11198492425072926
2008-04-20,-0.13371032282431372
2008-04-21,-0.21581241980008592
2008-04-22,0.16381164128410597
2008-04-23,-0.09225559582375187
2008-04-24,-0.11888630342748174
2008-04-25,0.08633375033234969
2008-04-26,-0.14460911639682594
2008-04-27,0.04386639270581838
2008-04-28,-0.1538835848268405
2008-04-29,0.4859933383739373
2008-04-30,-0.2946357747921453
2008-05-01,-0.23172108318573353
2008-05-02,0.37652781472180447
2008-05-03,-0.07349503103603561
2008-05-04,0.06433128065829863
2008-05-05,-0.036394287038617024
2008-05-06,0.140383873330026
2008-05-07,-0.21072859933060706
2008-05-08,0.30708524041937735
2008-05-09,-0.10966720783927131
2008-05-10,0.04953463493154642
2008-05-11,-0.09325682896639409
2008-05-12,-0.028834653503204577
2008-05-13,-0.016089179455207714
2008-05-14,0.03614774325471082
2008-05-15,-0.15009160066489424
2008-05-16,0.17195993171513968
2008-05-17,0.002045057898725
2008-05-18,0.04621370546546466
2008-05-19,-0.27246997130126516
2008-05-20,0.2013742378216541
2008-05-21,-0.08897902964215265
2008-05-22,-0.13424693899536444
2008-05-23,0.19079327524954648
2008-05-24,0.03204934551163474
2008-05-25,0.14415788318675216
2008-05-26,-0.24527761457297803
2008-05-27,0.14279429279327316
2008-05-28,-0.20918326836129164
2008-05-29,0.008072647363136065
2008-05-30,0.09695411022985079
2008-05-31,0.08257359738124304
2008-06-01,0.06513910921284338
2008-06-02,-0.2686659816408441
2008-06-03,0.18925895275107507
2008-06-04,-0.002935357046931819
2008-06-05,-0.16816575235318842
2008-06-06,0.037428628025460764
2008-06-07,0.22324634114003383
2008-06-08,-0.10801050420915115
2008-06-09,-0.07540914738762294
2008-06-10,-0.09817032633279132
2008-06-11,0.022136100699896022
2008-06-12,0.051745516279481096
2008-06-13,0.20548345410274826
2008-06-14,-0.16000774348200786
2008-06-15,0.2776874083870332
2008-06-16,-0.3070992013423679
2008-06-17,-0.059310250061174075
2008-06-18,0.25429719833439635
2008-06-19,-0.09612578514147074
2008-06-20,0.028654087784994564
2008-06-21,0.018489140532394144
2008-06-22,-0.05432397246448173
2008-06-23,-0.11054004282080632
2008-06-24,0.171206926299862
2008-06-25,-0.1675084413385758
2008-06-26,-0.07920965048756701
2008-06-27,0.24693719773718203
2008-06-28,-0.18752795378187415
2008-06-29,-0.19050109761765366
2008-06-30,0.024741718241457045
2008-07-01,0.16818771821400008
2008-07-02,-0.025958063211809046
2008-07-03,-0.01905877967197167
2008-07-04,-0.0635693360014371
2008-07-05,0.19989076279737095
2008-07-06,0.10929544261093949
2008-07-07,-0.29196768623895997
2008-07-08,0.05726427462843442
2008-07-09,-0.08405906677824676
2008-07-10,0.1316428363649716
2008-07-11,0.0010918223597988774
2008-07-12,0.02732554091406847
2008-07-13,-0.027170405773606854
2008-07-14,-0.04427718840527206
2008-07-15,0.006932668582907198
2008-07-16,-0.030825519917079935
2008-07-17,0.09182016482860944
2008-07-18,-0.02107424552208259
2008-07-19,0.030055503539824002
2008-07-20,-0.15614895332193934
2008-07-21,0.08641109344877085
2008-07-22,-0.17472003150774573
2008-07-23,0.08876903977643658
2008-07-24,0.061377090604681106
2008-07-25,-0.09426969029617316
2008-07-26,-0.02185906699621276
2008-07-27,0.13719871164402375
2008-07-28,-0.13272230171042887
2008-07-29,0.1401009142040286
2008-07-30,0.04989376615333263
2008-07-31,0.0332840897511254
2008-08-01,-0.2620780704735925
2008-08-02,-0.11346949324674799
2008-08-03,-0.000510980698207264
2008-08-04,0.27740412423153443
2008-08-05,-0.12404459141832452
2008-08-06,-0.24972890101037715
2008-08-07,0.004954548349815291
2008-08-08,-0.018586386276506134
2008-08-09,0.032040025981315945
2008-08-10,-0.0038385368478115467
2008-08-11,0.011034677394187065
2008-08-12,-0.046850896176000995
2008-08-13,-0.0037084637096955753
2008-08-14,-0.00718125271791753
2008-08-15,0.0019836964931456147
2008-08-16,0.0006766871058817847
2008-08-17,-1.0496820338268265e-05
2008-08-18,-0.0006055030964737806
2008-08-19,0.0005448526436762358
2008-08-20,-0.0036340688587196135
2008-08-21,-0.004207914660261658
2008-08-22,0.003418594102451711
2008-08-23,-0.007338574151063232
2008-08-24,4.3666086622734523e-05
2008-08-25,-0.002610330420271756
2008-08-26,0.004289437492292741
2008-08-27,0.000323941201026523
2008-08-28,0.005948889653670214
2008-08-29,-0.00038526462828047947
2008-08-30,0.0016594445255337653
2008-08-31,0.5425291422037389
2008-09-01,-0.09065532082227235
2008-09-02,0.04959373634496134
2008-09-03,0.0015327354468316345
2008-09-04,-0.05945498036352492
2008-09-05,-0.14132626326798214
2008-09-06,0.3575569383138747
2008-09-07,-0.16238804819226516
2008-09-08,-0.0227741693805662
2008-09-09,-0.055976704029580326
2008-09-10,0.052858354401477126
2008-09-11,-0.10453934636782569
2008-09-12,0.1375548401533444
2008-09-13,0.08089299724419441
2008-09-14,-0.01810567018996745
2008-09-15,0.03945306259115211
2008-09-16,-0.16446671917333378
2008-09-17,0.10589646291421684
2008-09-18,-0.004715056580178012
2008-09-19,0.00459204321211959
2008-09-20,-0.07516398260064383
2008-09-21,0.07995974412587792
2008-09-22,-0.060488660497178715
2008-09-23,-0.04598430610551418
2008-09-24,0.1669276169547309
2008-09-25,-0.2056692448912555
2008-09-26,0.11043663422838201
2008-09-27,0.21703280493554067
2008-09-28,-0.1177701413607356
2008-09-29,-0.07507922909421716
2008-09-30,-0.04403617012092276
2008-10-01,0.16269774083761834
2008-10-02,-0.17329146730773237
2008-10-03,0.09161646812751711
2008-10-04,0.14827969563961818
2008-10-05,-0.16901016547037728
2008-10-06,-0.04311353597185408
2008-10-07,0.10050522267533812
2008-10-08,0.04144864713746321
2008-10-09,0.03661958143898403
2008-10-10,-0.14608895597776428
2008-10-11,0.049797654890090914
2008-10-12,0.07391995227268455
2008-10-13,-0.14295334705040308
2008-10-14,0.04944015024576487
2008-10-15,0.1652392167974056
2008-10-16,-0.17359661870033316
2008-10-17,0.08953232846192904
2008-10-18,0.10668565818366027
2008-10-19,-0.07541333330892053
2008-10-20,-0.09344336438409484
2008-10-21,0.11998819799638927
2008-10-22,-0.1269451251846685
2008-10-23,0.0580620494591606
2008-10-24,0.08852778537440498
2008-10-25,-0.16278700464557572
2008-10-26,-0.4359573038937971
2008-10-27,0.00020369793296665106
2008-10-28,0.3429402833591788
2008-10-29,0.09811732235492265
2008-10-30,-0.18437307634573985
2008-10-31,0.07116095464318306
2008-11-01,-0.18277451192288796
2008-11-02,0.03467737993279191
2008-11-03,-0.027173337566002653
2008-11-04,0.27188075777036347
2008-11-05,0.4212074072345944
2008-11-06,-0.4125444230156228
2008-11-07,0.010101238687385772
2008-11-08,0.03657278988300716
2008-11-09,0.23619715127194907
2008-11-10,-0.12315285763705053
2008-11-11,0.09217225476872104
2008-11-12,-0.07062611897042625
2008-11-13,-0.3040694305561429
2008-11-14,0.13374072608859444
2008-11-15,0.3787698195507959
2008-11-16,-0.16132302844353208
2008-11-17,-0.2500126268167635
2008-11-18,0.07330617392631644
2008-11-19,0.02819291393802814
2008-11-20,-0.04613692867125341
2008-11-21,-0.005893458035366672
2008-11-22,0.011951050244458639
2008-11-23,0.4304779226557004
2008-11-24,-0.04080282390057888
2008-11-25,-0.11612778624045861
2008-11-26,-0.33756251539655935
2008-11-27,0.25176313927030913
2008-11-28,-0.13382502376572236
2008-11-29,0.15270042481566504
2008-11-30,-0.008626222092792846
2008-12-01,-0.22855085669242592
2008-12-02,0.05626492012941042
2008-12-03,-0.011909406344036366
2008-12-04,-0.005185613557749158
2008-12-05,0.09591523021806014
2008-12-06,0.1248442098848197
2008-12-07,-0.0145089766250861
2008-12-08,-0.16616724676899775
2008-12-09,0.03984898760585587
2008-12-10,0.06480343284979695
2008-12-11,-0.24599805077707726
2008-12-12,0.12516592795925918
2008-12-13,0.003079233753835897
2008-12-14,0.05265200937480485
2008-12-15,-0.06191953879938328
2008-12-16,0.0005067562456457786
2008-12-17,0.0891089523965668
2008-12-18,-0.10786526110816685
2008-12-19,0.04468225588474295
2008-12-20,0.10343693745741755
2008-12-21,0.10294373841945748
2008-12-22,-0.1669251072864072
2008-12-23,-0.06507326168691885
2008-12-24,-0.1781679855227657
2008-12-25,-0.08007721472326546
2008-12-26,0.06299031510692554
2008-12-27,0.5046371250343176
2008-12-28,-0.38221192699682327
2008-12-29,-0.4113699560497848
2008-12-30,0.2781901114904604
2008-12-31,0.2560329378331083
2009-01-01,-0.17884881993804624
2009-01-02,0.28025668740482335
2009-01-03,-0.11641092202173287
2009-01-04,0.007870550572138146
2009-01-05,-0.10470149434598341
2009-01-06,0.02781647412378474
2009-01-07,0.11754934522867089
2009-01-08,-0.1357961180391083
2009-01-09,0.049338057570241345
2009-01-10,0.09287895006505387
2009-01-11,-0.0364923859084908
2009-01-12,-0.12014245574079829
2009-01-13,0.17886769277788628
2009-01-14,-0.11725427358202412
2009-01-15,-0.06997035636428095
2009-01-16,0.33667641507160473
2009-01-17,0.1231457949417385
2009-01-18,-0.03499624777408927
2009-01-19,-0.38061320851931224
2009-01-20,0.012080754798082904
2009-01-21,0.00044231488066226454
2009-01-22,-0.1718734531481766
2009-01-23,0.22429059265745588
2009-01-24,0.0830748647007421
2009-01-25,0.16261352039796995
2009-01-26,-0.31874908267249713
2009-01-27,-0.08348081414848652
2009-01-28,0.37335299303197145
2009-01-29,-0.3227639182350006
2009-01-30,0.14932017745932402
2009-01-31,0.3062567853462168
2009-02-01,-0.37464257219331865
2009-02-02,-0.07115983374899693
2009-02-03,0.08351921324566525
2009-02-04,0.16475178192875395
2009-02-05,-0.23333754643614157
2009-02-06,0.12156612999800032
2009-02-07,0.2704072217557498
2009-02-08,-0.23258382816261647
2009-02-09,-0.14093084402736566
2009-02-10,0.07267125860939982
2009-02-11,0.18694162754673382
2009-02-12,-0.17962821524560268
2009-02-13,-0.08527921890748735
2009-02-14,0.18744776281751474
2009-02-15,-0.2212356057720961
2009-02-16,-0.09238606979496677
2009-02-17,-0.21129357235868873
2009-02-18,0.014642182536693638
2009-02-19,-0.04014385084359323
2009-02-20,0.4221155652402917
2009-02-21,-0.18633933075842135
2009-02-22,0.28865196532555537
2009-02-23,0.12629331063537874
2009-02-24,-0.25843510960317473
2009-02-25,-0.21106683127249226
2009-02-26,-0.004990507209937989
2009-02-27,0.2895427875488107
2009-02-28,-0.12192089833516095
2009-03-01,0.24226852625089212
2009-03-02,-0.29348315274127135
2009-03-03,0.11986176805218685
2009-03-04,-0.0020763711215241454
2009-03-05,-0.13007333890519668
2009-03-06,0.11204039699683244
2009-03-07,-0.0273629715814806
2009-03-08,0.19115831063183375
2009-03-09,-0.19464281165686037
2009-03-10,0.04707507913796527
2009-03-11,0.16032141935617317
2009-03-12,-0.144859543391595
2009-03-13,-0.14244401611239588
2009-03-14,0.2181762873984605
2009-03-15,-0.059395831095010454
2009-03-16,-0.19673921964771535
2009-03-17,0.19373298638359415
2009-03-18,-0.1539875808272867
2009-03-19,-0.09392558246209748
2009-03-20,0.09849054119008116
2009-03-21,0.1488625452402207
2009-03-22,-0.07415147886495854
2009-03-23,-0.1341063337477133
2009-03-24,0.1252927571970518
2009-03-25,0.055515354917656135
2009-03-26,-0.21253113586457928
2009-03-27,0.1737095898251405
2009-03-28,0.1599485426536671
2009-03-29,-0.01204914092563647
2009-03-30,-0.22583679512242916
2009-03-31,0.11208409092606364
2009-04-01,-0.05749506515268521
2009-04-02,0.0010360923704249014
2009-04-03,-0.09555272510441537
2009-04-04,0.25878895899459886
2009-04-05,-0.2543554036979221
2009-04-06,0.026950924782510266
2009-04-07,-0.00434526763756049
2009-04-08,0.03228733809427442
2009-04-09,0.11300445951332216
2009-04-10,-0.014626308707293756
2009-04-11,0.1731158090455326
2009-04-12,-0.08595809399797205
2009-04-13,-0.16381292692432436
2009-04-14,-0.03289994128773932
2009-04-15,-0.10208799910265676
2009-04-16,0.12327457806268549
2009-04-17,0.1477202864433017
2009-04-18,-0.16526642814142434
2009-04-19,-0.07956601242340777
2009-04-20,0.07080358813800125
2009-04-21,0.13054154557756958
2009-04-22,-0.12723658520147407
2009-04-23,-0.12876041682028594
2009-04-24,0.020166696039477405
2009-04-25,0.2734066605064246
2009-04-26,-0.07204228584959282
2009-04-27,-0.14326126284567486
2009-04-28,0.11962955439511325
2009-04-29,-0.013343842102824355
2009-04-30,0.053334544197651934
2009-05-01,-0.10349064463412905
2009-05-02,-0.04109716652601603
2009-05-03,0.0731162705558911
2009-05-04,0.019167811160171078
2009-05-05,0.02025499879796544
2009-05-06,-0.12818999427632005
2009-05-07,-0.1288382125466161
2009-05-08,0.2958920214901064
2009-05-09,-0.19930789028960705
2009-05-10,0.23226582041146848
2009-05-11,-0.14178344995101166
2009-05-12,0.036124670518116186
2009-05-13,-0.132158166550695
2009-05-14,0.12595098607306843
2009-05-15,-0.06255260514832339
2009-05-16,0.18601429832202077
2009-05-17,-0.1444283513548532
2009-05-18,-0.11866142307112437
2009-05-19,0.14302239752977763
2009-05-20,-0.10697818640083179
2009-05-21,0.09308120138554987
2009-05-22,-0.18145391678583866
2009-05-23,0.16656761594886926
2009-05-24,-0.08527298819202189
2009-05-25,0.024018328429560865
2009-05-26,-0.0054541733494892775
2009-05-27,0.07130808654542797
2009-05-28,-0.13028898344462736
2009-05-29,0.023804622024287125
2009-05-30,0.14423551144122526
2009-05-31,-0.25694161910023816
2009-06-01,0.18474953472369615
2009-06-02,-0.1304501535642536
2009-06-03,0.09992508203642225
2009-06-04,-0.12188949976031327
2009-06-05,0.07570626764580346
2009-06-06,0.08781088703209805
2009-06-07,-0.09644917735575986
2009-06-08,-0.010867971420246869
2009-06-09,0.0571686390905517
2009-06-10,0.09296688429116184
2009-06-11,-0.10464743787804565
2009-06-12,-0.07534938013061454
2009-06-13,-0.27345287898840615
2009-06-14,-0.002080131873897162
2009-06-15,0.20414497878879068
2009-06-16,0.21993788862223485
2009-06-17,-0.19432113200038348
2009-06-18,0.07062689015833168
2009-06-19,-0.030721553424748027
2009-06-20,0.007975657408355374
2009-06-21,-0.10416074186655222
2009-06-22,0.09904303994751718
2009-06-23,-0.021896180725920256
2009-06-24,0.18226011070115056
2009-06-25,-0.2965930698655262
2009-06-26,0.20603822119399412
2009-06-27,0.14745461867336007
2009-06-28,-0.23105315267080695
2009-06-29,-0.01990558555199562
2009-06-30,0.07177073505655884
2009-07-01,0.009789168190482145
2009-07-02,0.009075652267621748
2009-07-03,-0.15206729557148846
2009-07-04,0.15057134647858206
2009-07-05,0.06229488319464804
2009-07-06,-0.17450300047078626
2009-07-07,0.06307248499734741
2009-07-08,0.04757836504225532
2009-07-09,-0.15681126060622613
2009-07-10,0.1410756285593801
2009-07-11,-0.078466576680985
2009-07-12,-0.21991147378407477
2009-07-13,-0.00860212839971003
2009-07-14,0.1940144085147042
2009-07-15,-0.0858074964686259
2009-07-16,-0.0564850007555347
2009-07-17,0.06282884387163923
2009-07-18,0.10257600997553673
2009-07-19,0.09402225809613918
2009-07-20,-0.22903781434279397
2009-07-21,0.06948036587724893
2009-07-22,-0.03349064512534805
2009-07-23,0.12510797578478422
2009-07-24,-0.21020234744183808
2009-07-25,-0.012593086334661718
2009-07-26,0.0031962012246770644
2009-07-27,0.07082959546921441
2009-07-28,0.09591962343242649
2009-07-29,-0.0003628718141784337
2009-07-30,-0.0479611739741268
2009-07-31,0.07899882215707993
2009-08-01,-0.11798723063752908
2009-08-02,-0.10667869521171852
2009-08-03,0.00546458201688943
2009-08-04,0.004419436431620127
2009-08-05,0.00499547557061053
2009-08-06,0.007132487393988696
2009-08-07,0.0033522570036847443
2009-08-08,-0.0065001516324535435
2009-08-09,0.21503293247142424
2009-08-10,0.028752936769778636
2009-08-11,-0.048334494055867094
2009-08-12,-0.05436672817372262
2009-08-13,-0.007985212448734402
2009-08-14,-0.026043714061927015
2009-08-15,0.29988437758459274
2009-08-16,-0.1057155701030491
2009-08-17,-0.1773006800162536
2009-08-18,0.12433125269925244
2009-08-19,-0.08260921282857991
2009-08-20,-0.04630865237865395
2009-08-21,0.16060444835608628
2009-08-22,0.13866846661795762
2009-08-23,-0.17588088620648257
2009-08-24,0.0714084224524798
2009-08-25,-0.12176261575519853
2009-08-26,0.07783359708756221
2009-08-27,-0.16279206382500255
2009-08-28,0.15589713392394078
2009-08-29,0.1001613181274611
2009-08-30,0.09437333453100027
2009-08-31,-0.13879459541023342
2009-09-01,-0.11130586640425966
2009-09-02,0.09539445510700151
2009-09-03,0.010599273454998448
2009-09-04,-0.0880392310021123
2009-09-05,0.18117132005254322
2009-09-06,-0.10154958874692055
2009-09-07,-0.00269113918135655
2009-09-08,-0.052136519822289396
2009-09-09,0.15890564622966663
2009-09-10,-0.1486271487425872
2009-09-11,0.03910687510455546
2009-09-12,0.2778843911043829
2009-09-13,-0.15153052503476439
2009-09-14,0.0010759194556371199
2009-09-15,-0.03994398050771275
2009-09-16,0.0942662916683602
2009-09-17,-0.17826177838988622
2009-09-18,0.055005066343745135
2009-09-19,0.2395454274855212
2009-09-20,-0.02847489477427434
2009-09-21,-0.19561297075474482
2009-09-22,-0.061823260864942275
2009-09-23,0.1355757100435533
2009-09-24,-0.0708209951860771
2009-09-25,-0.09710520836164593
2009-09-26,0.14146070383985776
2009-09-27,-0.04987824716449529
2009-09-28,-0.03972523406086692
2009-09-29,-0.05749318638909784
2009-09-30,0.2179007837195308
2009-10-01,-0.16487244903781795
2009-10-02,-0.05060704749857026
2009-10-03,0.19685238818030104
2009-10-04,-0.030763560946795332
2009-10-05,-0.11979208847115475
2009-10-06,0.054786916855357415
2009-10-07,0.12851849692475104
2009-10-08,-0.07797163367091875
2009-10-09,-0.07760922346339771
2009-10-10,0.21246399597518917
2009-10-11,-0.02161188568183281
2009-10-12,-0.19094452600796208
2009-10-13,0.0343286939084797
2009-10-14,0.08684591385343499
2009-10-15,-0.07279671692263778
2009-10-16,0.009133662597987535
2009-10-17,0.346680835959398
2009-10-18,-0.33347592661685066
2009-10-19,-0.0644658085804678
2009-10-20,0.11859324538654548
2009-10-21,0.07510717215008622
2009-10-22,-0.18286547848264323
2009-10-23,0.11865168284881855
2009-10-24,0.23745106717567
2009-10-25,-0.05263168127696127
2009-10-26,-0.4101608503941401
2009-10-27,0.0017271147938863196
2009-10-28,0.0577325010108698
2009-10-29,0.2335897466469603
2009-10-30,-0.1539136732167038
2009-10-31,0.12259390429552064
2009-11-01,-0.009932936249058222
2009-11-02,-0.1089628456934707
2009-11-03,0.23029279130885227
2009-11-04,-0.13401002443750987
2009-11-05,-0.07736112115746818
2009-11-06,-0.05833190032346258
2009-11-07,0.05723480238730927
2009-11-08,0.2755391161544032
2009-11-09,-0.32669797723398186
2009-11-10,0.06737800881706457
2009-11-11,0.13328055556945273
2009-11-12,-0.18140279542358184
2009-11-13,0.02377923313769703
2009-11-14,0.2968617015990139
2009-11-15,-0.16048581791628347
2009-11-16,-0.14260393589702425
2009-11-17,0.06354211801550147
2009-11-18,0.25903379811513394
2009-11-19,-0.33607684257913906
2009-11-20,0.1542565361520961
2009-11-21,0.14630822470685834
2009-11-22,-0.011722409316318627
2009-11-23,-0.2901214520213572
2009-11-24,0.20370652237593534
2009-11-25,-0.04256653420979295
2009-11-26,-0.11794408051401106
2009-11-27,-0.07498837676830739
2009-11-28,0.1568581312580024
2009-11-29,-0.06512186670533349
2009-11-30,0.03002957255759875
2009-12-01,0.003506351875455338
2009-12-02,0.16920406369562713
2009-12-03,-0.2597455961906985
2009-12-04,0.07633640087939664
2009-12-05,0.18501765657424707
2009-12-06,0.006971335912158816
2009-12-07,-0.18209174197613043
2009-12-08,0.07976022187106557
2009-12-09,-0.061170408472096316
2009-12-10,0.07590315734042341
2009-12-11,-0.08143726875937085
2009-12-12,0.00985003432117626
2009-12-13,0.09441531166224015
2009-12-14,-0.10104519198996309
2009-12-15,0.04392375981317864
2009-12-16,-0.17591253668506568
2009-12-17,0.10768236583399471
2009-12-18,0.008680119489619553
2009-12-19,0.13481365564542613
2009-12-20,-0.3437708073736001
2009-12-21,0.2961818694532006
2009-12-22,-0.0432065612821928
2009-12-23,-0.13932394024663974
2009-12-24,0.40617729802549296
2009-12-25,-0.19732493615034175
2009-12-26,0.015566419093810402
2009-12-27,0.003260475648710348
2009-12-28,-0.028275345755184644
2009-12-29,-0.013138772437160773
2009-12-30,0.10937513227760975
2009-12-31,-0.06344907451169679
2010-01-01,-0.31532204665968455
2010-01-02,0.03233408060126808
2010-01-03,0.24718433509870674
2010-01-04,-0.14622595544493322
2010-01-05,0.18418723326302933
2010-01-06,-0.1288978368744188
2010-01-07,-0.0024081091868733973
2010-01-08,0.008614139652095898
2010-01-09,0.15419233743281346
2010-01-10,0.04442358171290084
2010-01-11,-0.2885825741736452
2010-01-12,0.20464178059157345
2010-01-13,0.053582880910049036
2010-01-14,0.03181109194032172
2010-01-15,-0.08368715294634133
2010-01-16,-0.012909775590362438
2010-01-17,-0.07025164246549453
2010-01-18,-0.007636306176437513
2010-01-19,0.15386510526009067
2010-01-20,-0.021338704541040476
2010-01-21,-0.05805811353307222
2010-01-22,-0.10208781182343374
2010-01-23,0.22641175005710346
2010-01-24,-0.08821214639678243
2010-01-25,-0.09581146194025814
2010-01-26,0.03985771121659931
2010-01-27,0.18037748469363868
2010-01-28,-0.16828574732809642
2010-01-29,-0.004868978890652409
2010-01-30,0.19244565181159146
2010-01-31,-0.2792650388666469
2010-02-01,-0.03308584542974402
2010-02-02,0.13798095215295247
2010-02-03,0.1883483195402087
2010-02-04,-0.14514213337922044
2010-02-05,-0.05961275994399473
2010-02-06,0.16001390978342178
2010-02-07,-0.3035490557669185
2010-02-08,0.2715599263207973
2010-02-09,-0.0409298590303524
2010-02-10,-0.1306109787532349
2010-02-11,-0.187195708696537
2010-02-12,0.17077028160579466
2010-02-13,0.12890428966435774
2010-02-14,-0.1922707799230976
2010-02-15,0.12281052028281247
2010-02-16,-0.08843573203089294
2010-02-17,0.07632697636736774
2010-02-18,-0.08769547905535402
2010-02-19,0.05837105939855025
2010-02-20,0.008846961902534534
2010-02-21,0.19965634746085803
2010-02-22,-0.36084730148348376
2010-02-23,-0.004387042925490636
2010-02-24,0.1450845271487171
2010-02-25,-0.010210319248480593
2010-02-26,0.06977813730476523
2010-02-27,-0.10507480120968471
2010-02-28,-0.3984871371257827
2010-03-01,0.24125115324045593
2010-03-02,-0.2159020444195353
2010-03-03,0.0737569991258048
2010-03-04,-0.11257487640334224
2010-03-05,0.1925809970648817
2010-03-06,-0.14124229369929014
2010-03-07,0.22995145122333865
2010-03-08,0.3515047858919811
2010-03-09,-0.222382788624212
2010-03-10,0.019348422407257093
2010-03-11,0.03861717203425641
2010-03-12,-0.09446231649921999
2010-03-13,0.21434898332216168
2010-03-14,-0.24019028238135265
2010-03-15,0.07220694061444333
2010-03-16,-0.08024256158743792
2010-03-17,0.14530985822573428
2010-03-18,-0.13861613604091494
2010-03-19,0.03298723973007944
2010-03-20,-0.39940049799051824
2010-03-21,0.26123263965181287
2010-03-22,0.12362875477735269
2010-03-23,0.0644361402923862
2010-03-24,0.05155455935652464
2010-03-25,-0.09614890346272287
2010-03-26,-0.009209283063135953
2010-03-27,0.0616838144848163
2010-03-28,-0.015248409814010766
2010-03-29,-0.05571265611374576
2010-03-30,0.08859199062265843
2010-03-31,0.005170604117069044
2010-04-01,-0.07285710335406537
2010-04-02,-0.012489741772892637
2010-04-03,0.04947597999877695
2010-04-04,-0.03604405821771561
2010-04-05,-0.20161074380366562
2010-04-06,0.24397446342389095
2010-04-07,-0.0726564190065172
2010-04-08,0.017054372715583854
2010-04-09,-0.14458626425523924
2010-04-10,-0.016269437089947547
2010-04-11,0.14583088985898163
2010-04-12,-0.05530285164557114
2010-04-13,0.025130391962338905
2010-04-14,0.048798163262180005
2010-04-15,0.06608645508738453
2010-04-16,-0.09830659314414092
2010-04-17,-0.0014500548728049178
2010-04-18,-0.027600166371560153
2010-04-19,0.07670683933602884
2010-04-20,0.03894284602553977
2010-04-21,-0.08067049585315966
2010-04-22,-0.04020594160562896
2010-04-23,-0.10164353555247352
2010-04-24,0.12127578900013192
2010-04-25,0.00818834567935589
2010-04-26,-0.16750691276587837
2010-04-27,0.06455447603654063
2010-04-28,-0.15357075332903947
2010-04-29,0.09730932740318876
2010-04-30,0.005842028299325452
2010-05-01,0.0758167471417227
2010-05-02,0.2733688004216017
2010-05-03,-0.24088099282372222
2010-05-04,0.03638598149007066
2010-05-05,0.09304854735081369
2010-05-06,-0.16952610060275708
2010-05-07,0.11854459241373738
2010-05-08,-0.036515274610118276
2010-05-09,0.01106645951169527
2010-05-10,-0.03335151756417187
2010-05-11,0.03496604050906138
2010-05-12,0.14332029898897636
2010-05-13,-0.14901563314615796
2010-05-14,0.05455178462297072
2010-05-15,0.06803563708408877
2010-05-16,0.04496051077513186
2010-05-17,-0.14316185510915358
2010-05-18,-0.06984967860224556
2010-05-19,0.0019441564129910605
2010-05-20,-0.10001791798020965
2010-05-21,0.052748806924389435
2010-05-22,0.25702109252413563
2010-05-23,-0.18876371780209167
2010-05-24,-0.05123799561253373
2010-05-25,-0.052671622514568694
2010-05-26,0.06927040167620357
2010-05-27,-0.0230879120225147
2010-05-28,0.02671654745932117
2010-05-29,0.20668935613204198
2010-05-30,-0.11660758756318101
2010-05-31,-0.11062203186579633
2010-06-01,-0.026050826967254137
2010-06-02,-0.11242772826042358
2010-06-03,0.15761622501322914
2010-06-04,0.00926054163590706
2010-06-05,0.18725572494635567
2010-06-06,-0.07925626914747375
2010-06-07,-0.2620773085628255
2010-06-08,0.1334081224281788
2010-06-09,0.059791560497005625
2010-06-10,-0.11362092730616791
2010-06-11,0.09186776713682565
2010-06-12,0.15963010053440452
2010-06-13,-0.09199169360073112
2010-06-14,-0.15845444858304347
2010-06-15,0.0022480491245809864
2010-06-16,0.18586037806335753
2010-06-17,-0.2622609685258046
2010-06-18,0.11626767257298842
2010-06-19,0.029816000378465546
2010-06-20,0.08594325359588317
2010-06-21,-0.0037531588579238218
2010-06-22,-0.04630126980431404
2010-06-23,-0.02688119312499171
2010-06-24,-0.12800542210832722
2010-06-25,0.001441514683086731
2010-06-26,-0.04750605901277627
2010-06-27,0.06333870765422411
2010-06-28,0.12083801094636881
2010-06-29,-0.03613812113181669
2010-06-30,0.005727141949277037
2010-07-01,-0.012518651363633282
2010-07-02,-0.07753480156490478
2010-07-03,-0.0081128598594008
2010-07-04,0.15124531953510978
2010-07-05,-0.15362464168290246
2010-07-06,-0.043229788104071964
2010-07-07,-0.07254019282426272
2010-07-08,0.15367303304638225
2010-07-09,-0.049921785584097655
2010-07-10,0.027757252837493418
2010-07-11,0.01494573806200028
2010-07-12,-0.03241481321841866
2010-07-13,0.10155996310540882
2010-07-14,0.00964746446299114
2010-07-15,0.07643651794952366
2010-07-16,-0.3081806401705813
2010-07-17,-0.006082024638569439
2010-07-18,0.0025280169252585027
2010-07-19,-0.00484288745229533
2010-07-20,0.024099123894244734
2010-07-21,0.08686392450331265
2010-07-22,0.03926423967181947
2010-07-23,0.004486844682571656
2010-07-24,-0.10233868027719395
2010-07-25,0.08469727020959439
2010-07-26,-0.10071103846036805
2010-07-27,0.02892594563974299
2010-07-28,-0.03821795570375125
2010-07-29,-0.1463780846460479
2010-07-30,0.0010833181140483261
2010-07-31,0.0016839464113002078
2010-08-01,0.0005252764337824178
2010-08-02,-0.003102523701171811
2010-08-03,0.032504702299745836
2010-08-04,-0.035588646248739864
2010-08-05,-0.004993904483773348
2010-08-06,-0.004433480032131232
2010-08-07,0.0013885281342825295
2010-08-08,0.00050000814063067
2010-08-09,0.003349291736783333
2010-08-10,0.004896189457968159
2010-08-11,-0.0013895473602890118
2010-08-12,-0.0062272134830795856
2010-08-13,0.002330634585669178
2010-08-14,0.010067202500095684
2010-08-15,0.22440577292538394
2010-08-16,0.02911699350526098
2010-08-17,0.0037831164516999305
2010-08-18,0.06206596734586678
2010-08-19,0.0
2010-08-20,0.0
2010-08-21,0.0
2010-08-22,-0.0162996321437483
2010-08-23,-0.20232440959516268
2010-08-24,-0.019553771083303695
2010-08-25,0.11246401500166564
2010-08-26,-0.09672863230847234
2010-08-27,0.45713440761041685
2010-08-28,-0.18556042686335517
2010-08-29,0.07535239129722837
2010-08-30,-0.0574938714002754
2010-08-31,-0.045198661412945484
2010-09-01,0.078215741974896
2010-09-02,-0.06850018034093353
2010-09-03,-0.016401425094648592
2010-09-04,0.1333325510019372
2010-09-05,-0.14176445488517886
2010-09-06,0.03550315338796539
2010-09-07,0.010071104962095956
2010-09-08,-0.05254962453112677
2010-09-09,-0.024011365785689742
2010-09-10,0.03282722572402241
2010-09-11,0.047687411089320064
2010-09-12,0.04997579171101618
2010-09-13,-0.1930297403753649
2010-09-14,0.13175072204549887
2010-09-15,-0.16826568212606952
2010-09-16,0.1360741219772198
2010-09-17,0.055238966094945496
2010-09-18,-0.08881831157847653
2010-09-19,-0.1302852200266132
2010-09-20,0.280248169278752
2010-09-21,-0.2021074609480228
2010-09-22,0.14530589927799775
2010-09-23,-0.020729970636330086
2010-09-24,-0.04308660254134389
2010-09-25,-0.47475770022846386
2010-09-26,-0.04244371546891518
2010-09-27,0.0
2010-09-28,0.230852754438461
2010-09-29,0.40747709999820964
2010-09-30,-0.15034974638492737
2010-10-01,0.09114685476011941
2010-10-02,0.1328612630162891
2010-10-03,-0.027909820361416426
2010-10-04,-0.016873223918768
2010-10-05,0.024166135723392768
2010-10-06,-0.17870910300202736
2010-10-07,0.1650578962455358
2010-10-08,-0.09668110771809157
2010-10-09,0.03376529226738545
2010-10-10,0.11942778902427986
2010-10-11,-0.11589185277476355
2010-10-12,-0.014106123763327094
2010-10-13,0.1515677081459308
2010-10-14,0.01727675386108296
2010-10-15,-0.16335172823095667
2010-10-16,-0.21864379621329788
2010-10-17,0.019226974745934267
2010-10-18,0.5128130484328407
2010-10-19,-0.21032524037280043
2010-10-20,-0.0606294495482933
2010-10-21,-0.1251861653661569
2010-10-22,0.10636344773031903
2010-10-23,0.1830090252490908
2010-10-24,0.02637028139372588
2010-10-25,-0.3868689012814511
2010-10-26,-0.08719870981292077
2010-10-27,0.12377664250906828
2010-10-28,0.07250224568781094
2010-10-29,-0.09340446045050177
2010-10-30,0.306451493049133
2010-10-31,-0.2085437434073557
2010-11-01,-0.03249635635799897
2010-11-02,-0.07046874076482412
2010-11-03,0.03811377026008966
2010-11-04,0.37957118554328595
2010-11-05,-0.22942987342296406
2010-11-06,0.021590823338085152
2010-11-07,-0.04139209047136572
2010-11-08,0.04757615588193376
2010-11-09,0.05844962413191945
2010-11-10,-0.02206778420358324
2010-11-11,-0.05241766484671706
2010-11-12,0.019484735627774863
2010-11-13,0.05531145934229831
2010-11-14,0.004384608424159997
2010-11-15,-0.08737022784264603
2010-11-16,-0.07748014721735841
2010-11-17,0.02420970983428239
2010-11-18,0.022937835828833242
2010-11-19,-0.026794328340125517
2010-11-20,0.18908785541770123
2010-11-21,-0.4406210730539779
2010-11-22,0.39693383305671925
2010-11-23,-0.14303297139318505
2010-11-24,0.0699740297598439
2010-11-25,-0.11969711162304408
2010-11-26,0.08359788046863381
