DateTime,residuals,squared_residuals
2006-12-17,-0.2053718575051208,0.042177599855103644
2006-12-18,-0.34555400419556753,0.11940756981559031
2006-12-19,-0.3740038666829179,0.13987889229377384
2006-12-20,-0.09759694393047183,0.009525163464567662
2006-12-21,-0.21098765714570974,0.04451579146783556
2006-12-22,0.07341960111812258,0.005390437828344227
2006-12-23,0.4202972305269157,0.1766497619885953
2006-12-24,-0.15415946709477218,0.02376514129494415
2006-12-25,0.13019172970828147,0.01694988648443422
2006-12-26,0.17122744453681804,0.029318837762609098
2006-12-27,-0.4794305422893046,0.2298536448798167
2006-12-28,0.054565299683874094,0.0029773719295909905
2006-12-29,0.11677055237638306,0.01363536190228562
2006-12-30,-0.0484873879546538,0.0023510267906651063
2006-12-31,0.2597876350982342,0.0674896153499333
2007-01-01,-0.04448001842021154,0.0019784720386623583
2007-01-02,-0.4943324686003879,0.24436458951255347
2007-01-03,-0.3544289047888526,0.12561984854982552
2007-01-04,0.3967523060494591,0.15741239235556367
2007-01-05,-0.007992390553654818,6.387830676215077e-05
2007-01-06,-0.25454415943758824,0.06479272910378835
2007-01-07,0.13627431233732457,0.01857068820301069
2007-01-08,-0.05343526025740953,0.0028553270387770904
2007-01-09,-0.08127472635884983,0.006605581144705919
2007-01-10,0.02722416792098771,0.0007411553189901363
2007-01-11,-0.0010278643615561703,1.0565051457572736e-06
2007-01-12,-0.21943506642039276,0.048151748374922185
2007-01-13,0.3602904684179068,0.12980922163279468
2007-01-14,0.08774823059355419,0.007699751972299559
2007-01-15,-0.06827392139831281,0.004661328343102997
2007-01-16,-0.1545418530137,0.023883184332908054
2007-01-17,0.18232919391933342,0.03324393495527389
2007-01-18,-0.19235010789859874,0.03699856400860258
2007-01-19,-0.13865653055797617,0.01922563346637498
2007-01-20,0.2855610886167571,0.0815451353319874
2007-01-21,0.17544770444063187,0.030781896993487316
2007-01-22,-0.06482794240199374,0.004202662116076218
2007-01-23,-0.14364969414439197,0.02063523462777736
2007-01-24,0.1561882601039125,0.02439477259428743
2007-01-25,-0.2632046997064956,0.06927671394758654
2007-01-26,-0.05270636695674239,0.002777961117778786
2007-01-27,-0.04917242866902091,0.0024179277412099496
2007-01-28,0.22373863552317522,0.05005897702577224
2007-01-29,-0.06740205439638061,0.004543036936852651
2007-01-30,-0.1083740363761666,0.011744931760462683
2007-01-31,0.018639643473900486,0.00034743630883412094
2007-02-01,-0.08847931851048431,0.007828589804079732
2007-02-02,-0.02718502935193256,0.0007390258208654348
2007-02-03,0.42327753090473336,0.1791638681688075
2007-02-04,0.13526840457992365,0.018297541277597907
2007-02-05,-0.19897516256250203,0.03959111531677411
2007-02-06,-0.27158032191599046,0.07375587125199301
2007-02-07,0.022539876964289052,0.0005080460535652882
2007-02-08,-0.08204468750631388,0.006731330748008697
2007-02-09,-0.02272091859228388,0.0005162401416771913
2007-02-10,0.15551677431166952,0.02418546709230675
2007-02-11,0.23659525352623773,0.0559773139911447
2007-02-12,-0.09177166844539497,0.008422039129251503
2007-02-13,-0.21648503955969295,0.04686577235316182
2007-02-14,0.04121581247554884,0.0016987431980196074
2007-02-15,-0.03626776681571174,0.0013153509097988418
2007-02-16,-0.0018738622081847789,3.511359575263136e-06
2007-02-17,-0.06501699537403445,0.004227209687467217
2007-02-18,0.34852168962552316,0.1214673681394295
2007-02-19,-0.01520193861355379,0.0002310989376102577
2007-02-20,0.2524850226357404,0.06374868665537034
2007-02-21,-0.29927167817134936,0.0895635373554957
2007-02-22,0.3280053967756715,0.10758754031396568
2007-02-23,-0.34148815898717816,0.11661416272845226
2007-02-24,-0.5162598773594256,0.26652426097116916
2007-02-25,-0.5192568280893883,0.2696276535174526
2007-02-26,-0.189950638992338,0.036081245253597516
2007-02-27,-0.24991646988651442,0.06245824192053707
2007-02-28,-0.3277977727361208,0.10745137981076151
2007-03-01,-0.15914044831922594,0.025325682291244222
2007-03-02,-0.03974467989067876,0.0015796395796125245
2007-03-03,-0.028833650828691326,0.000831379420110892
2007-03-04,0.3628139459151377,0.13163395935051247
2007-03-05,0.49276657377096245,0.24281889622597339
2007-03-06,-0.0649963166831915,0.0042245211823817175
2007-03-07,0.2633973224155036,0.06937814945565676
2007-03-08,-0.06344687787006414,0.004025506311458835
2007-03-09,0.0594364137992323,0.0035326872853135714
2007-03-10,0.27442164088712434,0.07530723698718184
2007-03-11,0.30490087580478814,0.09296454406652684
2007-03-12,0.012905046438162648,0.00016654022357113447
2007-03-13,-0.13382309653792074,0.017908621166997655
2007-03-14,-0.07815411013115711,0.006108064930393035
2007-03-15,0.01831140874792489,0.0003353076903335802
2007-03-16,0.08924042558131856,0.007963853557934856
2007-03-17,0.028960654876682035,0.0008387195308862869
2007-03-18,0.0343303565251361,0.001178573379142955
2007-03-19,0.12786022577305112,0.016348237334735605
2007-03-20,0.08376336730500511,0.007016301702273199
2007-03-21,-0.07964376596442317,0.00634312945699581
2007-03-22,-0.1930958819037676,0.03728601960819377
2007-03-23,-0.034815639803674886,0.001212128774939231
2007-03-24,0.30378750781090436,0.09228684990196027
2007-03-25,0.1598973328417425,0.025567157049902988
2007-03-26,-0.20793606902084427,0.043237408799841316
2007-03-27,-0.19394815010238153,0.03761588492813592
2007-03-28,0.07617697453514866,0.005802931449328687
2007-03-29,-0.1422039043156219,0.02022195040260655
2007-03-30,0.014300227680068306,0.00020449651170179175
2007-03-31,0.39021506933895694,0.15226780033920698
2007-04-01,-0.00610570071893235,3.7279581269171014e-05
2007-04-02,0.040902834830102625,0.0016730418971386564
2007-04-03,-0.10378284867825249,0.010770879679773054
2007-04-04,-0.09035265572945883,0.00816360239736611
2007-04-05,-0.03751933948257794,0.001407700835208932
2007-04-06,0.008729320173091484,7.620103068434195e-05
2007-04-07,-0.16519847503632556,0.027290536154327482
2007-04-08,-0.13080569026475522,0.01711012860563908
2007-04-09,-0.16244140749891942,0.026387210870229993
2007-04-10,-0.22514440405166813,0.0506900026757808
2007-04-11,-0.27083482116543933,0.0733515003557155
2007-04-12,-0.2782305122798213,0.0774122179634918
2007-04-13,-0.07956789045870406,0.006331049192048329
2007-04-14,-0.23211296304190218,0.05387642761209145
2007-04-15,-0.12072961387031599,0.014575639665275595
2007-04-16,0.13751843392584592,0.01891131966941725
2007-04-17,0.15711619862284532,0.02468549986969338
2007-04-18,-0.11474116611668222,0.013165535201816065
2007-04-19,0.042918722874810744,0.001842016773204803
2007-04-20,0.019085522932796237,0.0003642571856182911
2007-04-21,0.237569400372452,0.0564392199933264
2007-04-22,0.2413233783329114,0.05823697293000949
2007-04-23,-0.06948393121145158,0.0048280166965977344
2007-04-24,-0.0009128520400230981,8.332988469743319e-07
2007-04-25,-0.0674319514028064,0.0045470680699904445
2007-04-26,0.03566474563367283,0.001271974081114585
2007-04-27,0.04692953445259247,0.0022023812039370636
2007-04-28,-0.23847668464488708,0.05687112911921692
2007-04-29,-0.19018797427086925,0.036171465557256824
2007-04-30,0.03753211463234788,0.001408659628775702
2007-05-01,0.29739365420664404,0.08844298556238096
2007-05-02,-0.189342981797416,0.035850764755936605
2007-05-03,0.03958696149987715,0.0015671275207927557
2007-05-04,0.03132047413527439,0.000980972100058392
2007-05-05,0.1584851841433515,0.025117553592952032
2007-05-06,0.20835260663502342,0.04341080869160881
2007-05-07,0.11230118095762345,0.012611555244476888
2007-05-08,0.15769288396676479,0.024867045653755544
2007-05-09,-0.03600054704248914,0.0012960393873584733
2007-05-10,-0.31472131696262495,0.09904950735068904
2007-05-11,0.01675731434750051,0.00028080758414094644
2007-05-12,0.03790883954218596,0.001437080115435202
2007-05-13,0.05942615698789588,0.003531468134350046
2007-05-14,0.07941220408949079,0.0063062981583509375
2007-05-15,-0.16948626581501663,0.028725594299918476
2007-05-16,0.12196380604934456,0.014875169986042137
2007-05-17,-0.0818692937648421,0.006702581261554014
2007-05-18,0.19905940717856072,0.03962464758628003
2007-05-19,-0.058939100879940996,0.0034738176125358616
2007-05-20,0.1467871778738792,0.021546475588177853
2007-05-21,-0.12586694012788555,0.015842486617156724
2007-05-22,-0.035075002735069714,0.001230255816865148
2007-05-23,-0.02293966612294128,0.0005262282818320197
2007-05-24,-0.0841038743622087,0.0070734616827341865
2007-05-25,0.18885628807671634,0.03566669754611567
2007-05-26,-0.028016069445339575,0.0007849001471660897
2007-05-27,0.18755763537420078,0.035177866587161655
2007-05-28,0.032279185590453396,0.0010419458223829342
2007-05-29,-0.15039305824114407,0.02261807196712415
2007-05-30,0.025536477884754022,0.0006521117027585312
2007-05-31,-0.22712373059879218,0.051585189001112725
2007-06-01,0.006939738891578805,4.815997588329142e-05
2007-06-02,0.038420750675290896,0.0014761540824528659
2007-06-03,0.1786854137229864,0.03192847707735482
2007-06-04,-0.2049785338520075,0.04201619934011859
2007-06-05,0.12762057785083702,0.016287011890981553
2007-06-06,0.0003109395579973112,9.668340872756327e-08
2007-06-07,-0.16654978168569795,0.027738829779553647
2007-06-08,0.37088446515364837,0.1375552864923078
2007-06-09,-0.27158317186757763,0.07375741924165422
2007-06-10,0.0037676484275961653,1.4195174673967856e-05
2007-06-11,-0.1927139874018382,0.03713868094031585
2007-06-12,-0.06107154269028018,0.0037297333265707143
2007-06-13,-0.15102171596880443,0.022807558694162237
2007-06-14,0.08469822418666088,0.007173789180373867
2007-06-15,-0.0313828063735595,0.000984880535880327
2007-06-16,0.2860696312978428,0.08183583395088372
2007-06-17,0.1019415715011321,0.010392084000120429
2007-06-18,-0.2642518421849992,0.06982903609816572
2007-06-19,-0.07015442825640689,0.004921643803983341
2007-06-20,-0.08739783429908543,0.007638381440170394
2007-06-21,-0.10702476862534521,0.011454301099308678
2007-06-22,-0.13232217592756673,0.017509158242205922
2007-06-23,-0.23418938856405946,0.05484466971600802
2007-06-24,-0.05824703733270807,0.003392717358037888
2007-06-25,0.17272139509357023,0.029832680323069186
2007-06-26,0.014880272959100098,0.00022142252333732558
2007-06-27,0.16144059504896008,0.026063065729762313
2007-06-28,0.07672605978190297,0.005886888249656149
2007-06-29,0.14708006752793826,0.02163254626402288
2007-06-30,0.026912236188661655,0.00072426845667431
2007-07-01,-0.10224919466023917,0.010454897808667483
2007-07-02,0.013388217801337709,0.0001792443758960559
2007-07-03,0.012111350081060158,0.0001466848007859959
2007-07-04,-0.09136177272657059,0.008346973515741537
2007-07-05,0.019195677438262622,0.00036847403231382467
2007-07-06,0.052231270808674395,0.002728105650289082
2007-07-07,0.07730555485113258,0.005976148810841468
2007-07-08,-0.07273623869485053,0.005290560419474272
2007-07-09,0.08606256184520278,0.007406764551359353
2007-07-10,-0.08797796398281767,0.0077401221465619625
2007-07-11,-0.1781711794336501,0.03174496918077794
2007-07-12,0.06477045454496781,0.004195211781961742
2007-07-13,-0.06671001417069689,0.0044502259906545796
2007-07-14,0.12965222269383522,0.01680969884945184
2007-07-15,-0.07086347773554036,0.0050216324767754245
2007-07-16,-0.023192107182805406,0.0005378738355787342
2007-07-17,-0.09115458770107951,0.008309158858953796
2007-07-18,-0.10010272692385236,0.010020555937591356
2007-07-19,-0.0821792266185099,0.006753425287616407
2007-07-20,0.16939525593096605,0.02869475273191749
2007-07-21,0.010307216801133855,0.00010623871818557601
2007-07-22,0.13894152479418587,0.019304747312133365
2007-07-23,-0.017259150980001275,0.00029787829255047897
2007-07-24,-0.04899391815065577,0.002400404015753157
2007-07-25,-0.2573906130819711,0.06624992770271294
2007-07-26,0.08023394958794047,0.006437486666480173
2007-07-27,0.14722552168069283,0.021675354234152157
2007-07-28,0.21882066794623783,0.04788248472043768
2007-07-29,-0.43172949501035784,0.1863903568618986
2007-07-30,-0.07826111438982927,0.006124802025537943
2007-07-31,0.029418098389648484,0.0008654245128630388
2007-08-01,0.08849172538153832,0.007830785461001594
2007-08-02,0.05328984452498314,0.0028398075294968758
2007-08-03,0.07791348707668604,0.006070511468448922
2007-08-04,0.06389894726681222,0.004083075461806849
2007-08-05,-0.09869330499091464,0.009740368450029697
2007-08-06,0.1070604453682319,0.011461938962444166
2007-08-07,0.17245239947764873,0.02973983008559854
2007-08-08,-0.02023607762607424,0.00040949883768850244
2007-08-09,0.017759522056404707,0.00031540062367192527
2007-08-10,-0.01715284246610123,0.0002942200046668857
2007-08-11,0.009648006817150261,9.308403554377791e-05
2007-08-12,0.06862875118254935,0.004709905488876269
2007-08-13,0.014397421447788002,0.00020728574434522595
2007-08-14,-0.07371040614996544,0.005433223974792862
2007-08-15,0.05653423549366313,0.0031961197828529603
2007-08-16,-0.06470487811947097,0.004186721252455593
2007-08-17,0.001674726957255148,2.8047103813570865e-06
2007-08-18,-0.3447487943148132,0.11885173118151737
2007-08-19,0.28298746432711863,0.08008190496629224
2007-08-20,0.06641333056521628,0.004410730476764691
2007-08-21,-0.1793611525618301,0.0321704230483081
2007-08-22,0.12751022583024263,0.016258857691279476
2007-08-23,-0.009808938999428543,9.621528429451023e-05
2007-08-24,0.2550771437898637,0.0650643492839948
2007-08-25,-0.053722552662754205,0.002886112664602399
2007-08-26,0.05727482846426685,0.003280405975611192
2007-08-27,-0.0010365684414588155,1.074474133828358e-06
2007-08-28,-0.048792384784491785,0.0023806968129579053
2007-08-29,-0.1643589946989773,0.027013879138458447
2007-08-30,0.07432861724847346,0.005524743342070067
2007-08-31,0.07020413299893688,0.004928620290132418
2007-09-01,0.20585786878527929,0.042377462140817265
2007-09-02,0.0798326409394328,0.0063732505593644025
2007-09-03,-0.1252130822675195,0.01567831597093261
2007-09-04,0.170375776560831,0.02902790523870621
2007-09-05,-0.08015051851851931,0.006424105618787508
2007-09-06,-0.1463249967758205,0.02141100468144388
2007-09-07,0.09077486582584701,0.008240076265700528
2007-09-08,0.0638111767996041,0.0040718662845503325
2007-09-09,0.11608485305039193,0.013475693107731088
2007-09-10,-0.11536227279441737,0.01330845398429357
2007-09-11,-0.0884857356501865,0.007829725413554686
2007-09-12,0.029972226520572243,0.0008983343626004941
2007-09-13,-0.04977641550211784,0.002477691540239477
2007-09-14,-0.008569442534050857,7.343534534439999e-05
2007-09-15,-0.04540054684791195,0.0020612096540894476
2007-09-16,0.16314859728938075,0.026617464797492534
2007-09-17,0.03676052252998993,0.0013513360166778972
2007-09-18,-0.04609161242287409,0.0021244367357404407
2007-09-19,0.0035383745545405354,1.2520094488219932e-05
2007-09-20,-0.019276283296885754,0.0003715750977417967
2007-09-21,0.011802416597438144,0.00013929703753948338
2007-09-22,-0.03753478841843087,0.0014088603416163724
2007-09-23,0.050783738871796325,0.002578988133798797
2007-09-24,0.02239705455019614,0.0005016280525244617
2007-09-25,0.17167546761767422,0.02947246618174711
2007-09-26,0.09105386804843046,0.008290806886580987
2007-09-27,-0.0517651280209869,0.002679628479029163
2007-09-28,0.10883168707852592,0.011844336112358186
2007-09-29,0.2117309143851692,0.04482998010637985
2007-09-30,-0.1007444589148899,0.010149446002053938
2007-10-01,0.07607064231551977,0.005786742622295747
2007-10-02,0.15008050647888127,0.022524158424957523
2007-10-03,-0.19942653191533427,0.039770941631777836
2007-10-04,0.01884907402293176,0.00035528759152196095
2007-10-05,-0.08236404948220238,0.006783836647106683
2007-10-06,0.07636955951724514,0.005832309620858047
2007-10-07,0.1367634112242031,0.018704230649680482
2007-10-08,-0.23821810227581702,0.05674786425189162
2007-10-09,0.09481900244796888,0.00899064322522793
2007-10-10,-0.1889355242319936,0.035696632316818244
2007-10-11,0.1378373598908384,0.018999137781676504
2007-10-12,0.08443898801472094,0.007129942696950186
2007-10-13,0.06862150639487828,0.004708911139902321
2007-10-14,0.10529553384614376,0.011087149447944407
2007-10-15,-0.1790834171696864,0.03207087030517193
2007-10-16,0.1379440965718891,0.019028573779034667
2007-10-17,-0.08746785509998256,0.007650625675791545
2007-10-18,-0.01248600893251086,0.000155900419062741
2007-10-19,0.13707197354886397,0.018788725932580463
2007-10-20,-0.07086261294004945,0.005021509912691263
2007-10-21,0.09968331386999695,0.009936763064104326
2007-10-22,-0.04911819431299106,0.0024125970125687475
2007-10-23,0.06995278702387854,0.00489339241240811
2007-10-24,0.005073462045914075,2.5740017131330636e-05
2007-10-25,0.033947635250310575,0.001152441939088129
2007-10-26,-0.13005292086745993,0.016913762226157793
2007-10-27,0.03578572501878993,0.0012806181151204478
2007-10-28,-0.49222485795579374,0.24228531078960133
2007-10-29,-0.24061549198672283,0.05789581498401268
2007-10-30,-0.14522834482416452,0.021091272140366435
2007-10-31,0.08068375209916727,0.006509867852799878
2007-11-01,-0.2940653554796684,0.08647443329338374
2007-11-02,0.22235905220746738,0.049443548098603206
2007-11-03,-0.36481646120394856,0.1330910503653721
2007-11-04,0.3141101411178828,0.09866518075309626
2007-11-05,0.09141930591446532,0.008357489493882594
2007-11-06,0.27010808372019257,0.07295837689099456
2007-11-07,0.11461805749006022,0.01313729910279475
2007-11-08,0.03321116517499016,0.0011029814922804792
2007-11-09,0.21437270210392484,0.0459556554073381
2007-11-10,0.2306830857527899,0.05321468605242902
2007-11-11,0.01931794819291416,0.0003731831223841154
2007-11-12,0.12489913824031681,0.01559979473317377
2007-11-13,0.044207063692872896,0.001954264480345721
2007-11-14,0.03860994670605689,0.0014907279846445535
2007-11-15,-0.11642117804207591,0.013553890696704738
2007-11-16,0.14217930164878445,0.02021495381733604
2007-11-17,0.12376862775691107,0.015318673216828817
2007-11-18,0.047107647024103944,0.0022191304081475693
2007-11-19,-0.10443064225989615,0.010905759042814408
2007-11-20,0.008473334919201339,7.179740465295676e-05
2007-11-21,-0.07736162512348299,0.005984821041746314
2007-11-22,0.053435202025414165,0.002855320815496826
2007-11-23,0.11514219481299522,0.013257725026353742
2007-11-24,-0.10441017480233779,0.010901484602254733
2007-11-25,-0.13440932411960782,0.018065866410289788
2007-11-26,-0.06369154909988509,0.004056613426743073
2007-11-27,0.2302880428751105,0.053032582691248734
2007-11-28,-0.14885838066847148,0.022158817495239565
2007-11-29,0.021046465504109393,0.00044295371021566666
2007-11-30,0.07744525792773485,0.005997767975493378
2007-12-01,0.2521085689319058,0.0635587305288935
2007-12-02,0.19207404552542195,0.03689243896450187
2007-12-03,-0.19672567627454043,0.03870099170567528
2007-12-04,-0.04436614922516893,0.0019683551970699578
2007-12-05,0.01689853283038104,0.0002855604118194658
2007-12-06,0.1373399323324307,0.01886225701307664
2007-12-07,-0.1978406243529984,0.039140912644384226
2007-12-08,0.03517621738370358,0.00123736626942557
2007-12-09,0.06667555771377237,0.00444562999644259
2007-12-10,-0.11339485723781839,0.012858393647985213
2007-12-11,0.040524291816698185,0.0016422182272449114
2007-12-12,-0.1797789147550845,0.03232045819051594
2007-12-13,0.04836906988178045,0.0023395669212285604
2007-12-14,-0.03631664060237711,0.0013188983846422256
2007-12-15,0.17097180009929352,0.029231356429192785
2007-12-16,0.16464713512331078,0.02710867910431376
2007-12-17,-0.13726359720604392,0.01884129511794307
2007-12-18,0.11207269610140094,0.012560289211436971
2007-12-19,-0.049674979856048525,0.0024676036236988266
2007-12-20,-0.00573255879453724,3.2862230332826256e-05
2007-12-21,-0.06685270814030943,0.004469284585693394
2007-12-22,0.09188652191224225,0.008443132909128976
2007-12-23,0.06537725435542202,0.004274185387053548
2007-12-24,0.024511421862545867,0.0006008098017236914
2007-12-25,0.05447043692723726,0.002967028499044133
2007-12-26,0.03432431403062561,0.001178158533673002
2007-12-27,0.09156526872419135,0.008384198436533374
2007-12-28,0.13533113850783776,0.018314517049827568
2007-12-29,0.08995337955788416,0.00809161049388477
2007-12-30,-0.012765677119499663,0.0001629625123193172
2007-12-31,-0.0714167020823959,0.0051003453363256904
2008-01-01,0.011249555198628802,0.0001265524921669963
2008-01-02,-0.2867232429400775,0.0822102180420747
2008-01-03,-0.12897091623121346,0.016633497233518677
2008-01-04,0.034143842001844116,0.0011658019466468945
2008-01-05,-0.0690201894791989,0.004763786555744518
2008-01-06,-0.04652165647341983,0.0021642645210308855
2008-01-07,-0.09108260454597782,0.00829604085087898
2008-01-08,-0.036979589516538916,0.001367490040811715
2008-01-09,-0.06909091861827571,0.004773555035517197
2008-01-10,0.049913849883015615,0.002491392410144218
2008-01-11,-0.11809106414335606,0.013945499430510235
2008-01-12,0.23240922485498217,0.054014047797693664
2008-01-13,0.19057172721793494,0.036317583214827004
2008-01-14,-0.06449658659338675,0.004159809682198236
2008-01-15,0.08992582068334334,0.008086653225572822
2008-01-16,-0.07860435623147007,0.0061786448185638465
2008-01-17,-0.1158335795820348,0.01341741815878759
2008-01-18,0.035779194855060314,0.0012801507844763746
2008-01-19,-0.11093668711426684,0.012306948547888738
2008-01-20,-0.031884477488706715,0.0010166199047278452
2008-01-21,-0.00193922893399779,3.760608858454205e-06
2008-01-22,0.03350187239773261,0.0011223754541539583
2008-01-23,-0.06714660444557785,0.004508666488570895
2008-01-24,-0.030708355128833763,0.0009430030747185708
2008-01-25,0.07092324061172843,0.005030106058869125
2008-01-26,0.1456394496866558,0.021210849305031945
2008-01-27,0.0783569406804572,0.0061398101528006895
2008-01-28,0.051345166051100954,0.00263632607681513
2008-01-29,0.04259653865663773,0.0018144651055264321
2008-01-30,-0.21115155298954097,0.04458497832989493
2008-01-31,0.062081234928630484,0.0038540797302638098
2008-02-01,-0.22292054070187384,0.04969356746681579
2008-02-02,0.24770018378482664,0.061355381047036896
2008-02-03,-0.037836172814908475,0.001431575973279619
2008-02-04,-0.10376133438086665,0.01076641451249802
2008-02-05,0.07649958277166427,0.005852186164238713
2008-02-06,-0.16798224211064525,0.028218033664519436
2008-02-07,-0.03960356320419203,0.0015684422184684332
2008-02-08,-0.00631788731430466,3.991570011625175e-05
2008-02-09,-0.010737816017321877,0.00011530069282185426
2008-02-10,0.12147951681069653,0.014757273004560301
2008-02-11,-0.08330938837941265,0.006940454192151816
2008-02-12,-0.03160825219684235,0.0009990816069391894
2008-02-13,-0.020376693881651996,0.0004152096535465539
2008-02-14,-0.024895424282749143,0.0006197821502180957
2008-02-15,0.028961516852453587,0.0008387694583949531
2008-02-16,0.0550546409392731,0.0030310134889522857
2008-02-17,0.02187458254541544,0.00047849736153619376
2008-02-18,-0.10245309257932214,0.010496636179067154
2008-02-19,0.031027109846463452,0.0009626815454245093
2008-02-20,0.06826367535400446,0.004659929372836916
2008-02-21,-0.04542283943624517,0.0020632343424509094
2008-02-22,-0.0574400647140495,0.003299361034354194
2008-02-23,-0.07171920420788186,0.005143644252211859
2008-02-24,-0.13849071616032177,0.01917967846259881
2008-02-25,-0.405309336891438,0.1642756585713772
2008-02-26,-0.3674297701695175,0.13500463600682444
2008-02-27,-0.22944335233052274,0.052644251928668395
2008-02-28,-0.12473575899456855,0.01555900957195109
2008-02-29,0.1683171049891989,0.02833064783194501
2008-03-01,-0.07392084340079955,0.00546429108908553
2008-03-02,0.10797614044814596,0.011658846906077743
2008-03-03,0.012324192119602909,0.00015188571140088244
2008-03-04,0.14917353541403056,0.02225274366792103
2008-03-05,0.22601161506465287,0.051081250144132825
2008-03-06,0.3803829528159162,0.14469119079295553
2008-03-07,0.012242916380277274,0.0001498890014944616
2008-03-08,0.12953654189935287,0.0167797156872428
2008-03-09,-0.047438346564112416,0.002250396724736836
2008-03-10,0.05219279144508253,0.00272408747882988
2008-03-11,0.08963698453347198,0.008034788996253895
2008-03-12,-0.045832053857802674,0.002100577160824525
2008-03-13,0.05700079527624914,0.0032490906621248663
2008-03-14,0.11743053909985328,0.01378993151328217
2008-03-15,-0.17549825118238652,0.03079963616807603
2008-03-16,0.08842061536669077,0.007818205221824272
2008-03-17,-0.0023106221560020394,5.338974747807513e-06
2008-03-18,-0.0034732728323455114,1.2063624167909411e-05
2008-03-19,-0.183084785425114,0.033520038654160034
2008-03-20,-0.04716992831864714,0.0022250021375863098
2008-03-21,0.14326371945017743,0.020524493310699148
2008-03-22,0.023924171001176643,0.0005723659580935414
2008-03-23,0.1983349701468721,0.03933676038316065
2008-03-24,0.021175021605138178,0.00044838153997806864
2008-03-25,-0.012138089934172798,0.000147333227250067
2008-03-26,-0.0963937366882821,0.009291752472729864
2008-03-27,-0.08045379714937373,0.006472813475752576
2008-03-28,0.050125848533685416,0.0025126006912219723
2008-03-29,0.13534972860666064,0.01831954903389669
2008-03-30,0.07447697012219488,0.00554681907858231
2008-03-31,-0.16510736485928074,0.02726044193077565
2008-04-01,0.0777969620224748,0.006052367299926386
2008-04-02,-0.0975602164961841,0.009517995842782312
2008-04-03,-0.15658234166354965,0.024518029720840596
2008-04-04,0.00631040074577241,3.982115757224498e-05
2008-04-05,0.026450453131603505,0.0006996264708671536
2008-04-06,0.025769196757987015,0.0006640515015518485
2008-04-07,-0.023116104590404876,0.0005343542914345374
2008-04-08,0.21452641850302492,0.04602158423573499
2008-04-09,-0.28330823119896753,0.08026355386508764
2008-04-10,0.06522290699421254,0.0042540275967757
2008-04-11,0.019807893798760287,0.0003923526567429662
2008-04-12,0.23720201044573744,0.056264793759499734
2008-04-13,0.0919589476694033,0.008456448056464054
2008-04-14,-0.09753917563694911,0.009513890783935606
2008-04-15,-0.11302476390023189,0.012774597254703162
2008-04-16,-0.09784695941580548,0.009574027466918286
2008-04-17,-0.025116221765556918,0.000630824595776635
2008-04-18,0.03830098953168616,0.001466965799106333
2008-04-19,0.08273831938748955,0.006845629495066228
2008-04-20,0.022308430911299193,0.0004976660897242093
2008-04-21,-0.18502063902064234,0.034232636863606836
2008-04-22,-0.039903478421024846,0.0015922875900971955
2008-04-23,-0.11233498895944541,0.012619149744518722
2008-04-24,-0.09616629920779896,0.009247957103323915
2008-04-25,-0.07309321760902071,0.0053426184604396555
2008-04-26,-0.25928981375831955,0.06723120751882404
2008-04-27,-0.008831180991414445,7.798975770311981e-05
2008-04-28,-0.20826460698319182,0.04337414652186335
2008-04-29,0.26990529719339074,0.07284886945305258
2008-04-30,-0.15104530362698648,0.022814683747768537
2008-05-01,-0.1638974219389932,0.02686236491824837
2008-05-02,0.16001364405674812,0.025604366284319682
2008-05-03,-0.06760658021735302,0.0045706496886853895
2008-05-04,0.18511348321778825,0.03426700166902237
2008-05-05,0.03983334908018849,0.0015866956989441534
2008-05-06,0.09036854181331705,0.008166473349465232
2008-05-07,-0.0965452886705729,0.00932099276448425
2008-05-08,0.3581874415344782,0.12829824327301523
2008-05-09,-0.026207517641345407,0.0006868339809214308
2008-05-10,0.07856725259182576,0.006172813179827752
2008-05-11,0.039273953317336935,0.0015424434091723608
2008-05-12,0.0028036191495731735,7.860280335853405e-06
2008-05-13,-0.09890232422437394,0.009781669736983183
2008-05-14,0.027348364400474844,0.0007479330353811598
2008-05-15,-0.08502459201399369,0.00722918124714608
2008-05-16,0.05879402889300349,0.003456737833471329
2008-05-17,-0.023541831272399248,0.0005542178196581152
2008-05-18,0.1395800169555796,0.019482581133319885
2008-05-19,-0.20225743604705226,0.04090807043632744
2008-05-20,0.02873490724988817,0.0008256948946596757
2008-05-21,-0.0828211227244974,0.006859338369346261
2008-05-22,-0.0907223947650869,0.008230552911912267
2008-05-23,0.05100871982893446,0.0026018894985867314
2008-05-24,-0.007372108204443416,5.4347979378021925e-05
2008-05-25,0.2491183672203832,0.06205996088654969
2008-05-26,-0.10290766625988063,0.010589987775054974
2008-05-27,0.04300976064880856,0.001849839511067801
2008-05-28,-0.1821606956257856,0.033182519030870106
2008-05-29,0.0035074869137651198,1.2302464450233564e-05
2008-05-30,-0.007218998970491067,5.211394613595108e-05
2008-05-31,0.030296964011040782,0.0009179060282863004
2008-06-01,0.17008578487896797,0.02892917421789457
2008-06-02,-0.15566065519193573,0.024230239574782708
2008-06-03,0.04575359482581015,0.0020933914394844016
2008-06-04,0.009191926590536038,8.449151444580348e-05
2008-06-05,-0.0618673275579153,0.0038275662191583856
2008-06-06,-0.05600497297849185,0.0031365569983216024
2008-06-07,0.11348555479436627,0.01287897114698511
2008-06-08,0.03564465997058862,0.0012705417844188825
2008-06-09,-0.001569028269662237,2.4618497109992736e-06
2008-06-10,-0.19992285769209867,0.03996914902777513
2008-06-11,-0.07417257764446389,0.0055015712744240245
2008-06-12,0.06555428276943204,0.004297363989414654
2008-06-13,0.17664174797997187,0.031202307129419897
2008-06-14,-0.11605600955435769,0.013468997353681162
2008-06-15,0.3301627276505941,0.10900742672968039
2008-06-16,-0.12220446627628495,0.014933931577871666
2008-06-17,-0.13742277860468619,0.018885020079432595
2008-06-18,0.14497709109334553,0.021018356941888208
2008-06-19,0.041603361820391524,0.0017308397147584112
2008-06-20,0.06136241555033752,0.003765346042172304
2008-06-21,-0.018971863074641198,0.0003599315885229342
2008-06-22,0.003917873209166395,1.5349730483103786e-05
2008-06-23,-0.0594820071944556,0.0035381091798812677
2008-06-24,0.06121469300907699,0.0037472386401955393
2008-06-25,-0.1645870970712603,0.02708891252234446
2008-06-26,-0.06932165422076067,0.004805491743902705
2008-06-27,0.14765785529698086,0.02180284223090414
2008-06-28,-0.18924535509379276,0.03581380442457571
2008-06-29,-0.20304680995801552,0.04122800703412647
2008-06-30,-0.09707557631410557,0.009423667516715735
2008-07-01,0.00042811566787678834,1.8328302508158854e-07
2008-07-02,-0.03813192182720508,0.0014540434622360794
2008-07-03,0.03155180461806198,0.0009955163746563573
2008-07-04,-0.09334758766674284,0.00871377212320024
2008-07-05,0.10282636163889555,0.010573260647892931
2008-07-06,0.20686351100223632,0.04279251218417235
2008-07-07,-0.1221542110338586,0.014921651273304462
2008-07-08,-0.04175508481582035,0.001743487107976351
2008-07-09,-0.1440676569953905,0.020755489792141493
2008-07-10,0.12541695651386786,0.01572941298120142
2008-07-11,0.01578027741685266,0.00024901715535283
2008-07-12,0.0006023125150748689,3.6278036581581414e-07
2008-07-13,0.024044737588029497,0.0005781494056771986
2008-07-14,0.009795781438395788,9.595733398881946e-05
2008-07-15,-0.04650645750491008,0.002162850589656007
2008-07-16,-0.0673668172233687,0.004538288062806765
2008-07-17,0.11245502012675636,0.012646131551709178
2008-07-18,0.012172523075765093,0.0001481703180300337
2008-07-19,0.005537949062253463,3.066887981611401e-05
2008-07-20,-0.11512956644357195,0.013254817069484847
2008-07-21,0.061838008753096176,0.0038239393265479993
2008-07-22,-0.217975795281994,0.047513447328817765
2008-07-23,-0.028866412248817017,0.0008332697561186531
2008-07-24,0.05026783530140152,0.002526855265888829
2008-07-25,-0.07578057524091542,0.0057426955838440425
2008-07-26,-0.09988246195327097,0.009976506205846622
2008-07-27,0.08579249501744182,0.00736035220131778
2008-07-28,-0.06628812510494897,0.004394115529929366
2008-07-29,0.09001678309076791,0.00810302123801036
2008-07-30,0.0567178911116781,0.0032169191721561734
2008-07-31,0.13322681511273013,0.017749384265081578
2008-08-01,-0.1697284725846572,0.028807754405920732
2008-08-02,-0.23220856428445075,0.05392081732704589
2008-08-03,-0.15874480176133804,0.02519991208624651
2008-08-04,0.19130103066506246,0.03659608433351517
2008-08-05,-0.07117886652298655,0.005066431039497135
2008-08-06,-0.28005942327917693,0.0784332805674652
2008-08-07,-0.1429134092733142,0.020424242550121808
2008-08-08,-0.13939496507728225,0.019430956288896736
2008-08-09,-0.09727560463193481,0.009462543256508497
2008-08-10,-0.09169140653548073,0.008407314032454798
2008-08-11,-0.03281903769320478,0.0010770892351079963
2008-08-12,-0.08929718432943098,0.007973987129164374
2008-08-13,-0.08223214090090433,0.006762124997146183
2008-08-14,-0.057438368526709735,0.0032991661790101193
2008-08-15,-0.02932858541717181,0.0008601659225723428
2008-08-16,-0.046920160046450825,0.0022015014187845602
2008-08-17,-0.039429927860123316,0.0015547192110545289
2008-08-18,-0.009481128423604063,8.989179618487287e-05
2008-08-19,-0.014203473074163288,0.00020173864736848152
2008-08-20,-0.03373087460921532,0.0011377719019026067
2008-08-21,-0.015366800204415755,0.0002361385485224321
2008-08-22,0.003642008459964652,1.3264225622454095e-05
2008-08-23,-0.024250332580656793,0.0005880786302724643
2008-08-24,-0.02033125570893121,0.0004133599587019479
2008-08-25,-0.00020173173772988643,4.0695694007519685e-08
2008-08-26,0.0004722827488380663,2.2305099485004e-07
2008-08-27,-0.016891996646697303,0.0002853395507120329
2008-08-28,0.004285622648315786,1.836656148375721e-05
2008-08-29,0.012706470444588783,0.00016145439115920827
2008-08-30,-0.0027083601632943493,7.335214774119794e-06
2008-08-31,0.535640479298943,0.2869107230636014
2008-09-01,0.2263687059360457,0.05124279102715993
2008-09-02,0.3004855373387885,0.09029155814978047
2008-09-03,0.1758982736064791,0.030940202657739786
2008-09-04,0.10480822293294703,0.010984763594362325
2008-09-05,-0.015442274770579384,0.00023846385009007256
2008-09-06,0.34919976677892833,0.12194047711845794
2008-09-07,0.006000984319665503,3.6011812804871245e-05
2008-09-08,0.09374011413207442,0.008787208997494338
2008-09-09,-0.010967323855427064,0.00012028219254981955
2008-09-10,0.032502673978721155,0.0010564238157670374
2008-09-11,-0.0688437206247817,0.004739457869462993
2008-09-12,0.13222867280787515,0.017484421912532102
2008-09-13,0.10752631855910295,0.011561909182873689
2008-09-14,0.06471358881341654,0.004187848577111951
2008-09-15,0.13006841530880903,0.016917792660944828
2008-09-16,-0.08965848650039022,0.008038644201540657
2008-09-17,0.05620123670866769,0.0031585790075836966
2008-09-18,0.024378499534817792,0.0005943112395691113
2008-09-19,0.05521779334964576,0.003049004702404183
2008-09-20,-0.06779095518300189,0.004595613604623771
2008-09-21,0.04144322950665363,0.0017175412719411657
2008-09-22,-0.020749522056669627,0.0004305426655802193
2008-09-23,-0.04595720962459187,0.0021120651164786798
2008-09-24,0.10320048043382372,0.010650339161772033
2008-09-25,-0.1446215851452219,0.020915402889916664
2008-09-26,0.08302028421110255,0.006892367590492244
2008-09-27,0.19982733714086626,0.039930964668809424
2008-09-28,0.00394696579062101,1.5578538952332533e-05
2008-09-29,0.0061491805803933625,3.781242181028685e-05
2008-09-30,-0.05701144898550221,0.0032503053154265206
2008-10-01,0.10306635725058849,0.010622673996905935
2008-10-02,-0.09804052702923878,0.0096119449401709
2008-10-03,0.07900210555946521,0.006241332682828884
2008-10-04,0.12792554569712647,0.016364945241907593
2008-10-05,-0.07498929432212106,0.005623394262929698
2008-10-06,-0.017917533536232544,0.0003210380080220179
2008-10-07,0.04448554791642532,0.001978963973424573
2008-10-08,0.039639240666833074,0.001571269400643113
2008-10-09,0.11073465663478851,0.012262164180024512
2008-10-10,-0.07196633817314003,0.005179153830050753
2008-10-11,-0.010630947652333522,0.00011301704798665563
2008-10-12,0.06229304488366834,0.003880423440878718
2008-10-13,-0.06748807363375194,0.004554640082794723
2008-10-14,-0.001384138433413791,1.9158392028531837e-06
2008-10-15,0.11575321328061913,0.013398806384788502
2008-10-16,-0.06389863184950649,0.0040830351522387655
2008-10-17,0.09516366725896636,0.009056123566175266
2008-10-18,0.0886173430915192,0.007853033496600026
2008-10-19,0.008213614907323044,6.746346984579934e-05
2008-10-20,-0.02089277343354093,0.0004365079817452736
2008-10-21,0.07096856399536763,0.005036537075564592
2008-10-22,-0.12339981684398352,0.015227514797128678
2008-10-23,0.05909212413365854,0.00349187913462771
2008-10-24,0.09831698402468193,0.009666229347709563
2008-10-25,-0.14365013543456304,0.020635361410368303
2008-10-26,-0.47779466840193785,0.22828774515331773
2008-10-27,-0.2656335835668648,0.07056120071857454
2008-10-28,0.059424085418355754,0.003531221927808041
2008-10-29,0.07704663125226888,0.005936183387323095
2008-10-30,-0.0806730028671462,0.006508133391602579
2008-10-31,0.018822530989931426,0.0003542876728669289
2008-11-01,-0.23105711093104223,0.05338738851179995
2008-11-02,-0.0453264451200718,0.0020544866272228807
2008-11-03,-0.08406342229725755,0.007066658968327058
2008-11-04,0.17279340128854576,0.029857559528864406
2008-11-05,0.5039839458745289,0.25399981769926006
2008-11-06,-0.0440104085710839,0.0019369160625937354
2008-11-07,0.06756279042561117,0.004564730650095056
2008-11-08,0.0026561963957344448,7.0553792927126555e-06
2008-11-09,0.306485744947312,0.09393351185590879
2008-11-10,0.08575385666105242,0.0073537239322443255
2008-11-11,0.1405846401045816,0.019764041033334734
2008-11-12,0.006338477887538732,4.017630193081747e-05
2008-11-13,-0.19967308014733837,0.03986933893552541
2008-11-14,0.0050838732488550364,2.5845767210423864e-05
2008-11-15,0.2733919638425113,0.074743165893665
2008-11-16,0.05085043145660695,0.0025857663793230814
2008-11-17,-0.11802735554863239,0.013930456657803285
2008-11-18,-0.07140342066028978,0.005098448481990297
2008-11-19,-0.047442952840545116,0.002250833774230188
2008-11-20,0.010301277196706954,0.00010611631188339468
2008-11-21,-0.039226514305705895,0.0015387194245757491
2008-11-22,-0.08947910482059633,0.008006510199495265
2008-11-23,0.43609791267154796,0.19018138943648108
2008-11-24,0.23982905340241048,0.057517974855896256
2008-11-25,0.03559539772849642,0.001267032339449848
2008-11-26,-0.30433361821946425,0.09261895117855062
2008-11-27,0.16769183303069207,0.028120550865193508
2008-11-28,-0.10790645616879241,0.011643803282907518
2008-11-29,0.06826140555693881,0.004659619488608877
2008-11-30,0.028365303735472604,0.0008045904560056161
2008-12-01,-0.14208871358991437,0.020189202529636716
2008-12-02,-0.06575316708044998,0.004323478981109571
2008-12-03,-0.11673769471868833,0.013627689368233675
2008-12-04,-0.013987287124805493,0.0001956442011117495
2008-12-05,0.07208035488339265,0.005195577560115827
2008-12-06,0.0946452377646386,0.008957721031524972
2008-12-07,0.07788916069356956,0.006066721353548701
2008-12-08,-0.04683741324673096,0.002193743279645049
2008-12-09,-0.021158635997161994,0.0004476878772603993
2008-12-10,0.00617072724806645,3.8077874770029743e-05
2008-12-11,-0.1776031541631392,0.03154288036869579
2008-12-12,0.03434610925759829,0.001179655221134879
2008-12-13,-0.08994025719973797,0.008089249865155019
2008-12-14,0.04426397944158344,0.0019592998760049212
2008-12-15,0.0007982348382718427,6.371788570308749e-07
2008-12-16,-0.043696894565015125,0.0019094185946260485
2008-12-17,0.03059123655045865,0.0009358237536861173
2008-12-18,-0.03143999376946628,0.0009884732082240785
2008-12-19,0.04048106701210898,0.0016387167864388582
2008-12-20,0.04722566111031986,0.0022302630673067775
2008-12-21,0.1656779460874978,0.02744918181977183
2008-12-22,-0.00443504762756719,1.9669647458789362e-05
2008-12-23,-0.08517354397774926,0.007254532593729587
2008-12-24,-0.2705551182703426,0.07320007202227909
2008-12-25,-0.179963806915585,0.03238697179954996
2008-12-26,-0.08276142315621769,0.006849453162842526
2008-12-27,0.35576558567345185,0.12656915194957422
2008-12-28,-0.17492441992294197,0.03059855268537774
2008-12-29,-0.37097294869380526,0.13762092866257666
2008-12-30,-0.039707735423708757,0.0015767042524792551
2008-12-31,0.12638625921233204,0.015973486517686784
2009-01-01,-0.013025231535479548,0.0001696566565528509
2009-01-02,0.2883564280020049,0.08314942957007543
2009-01-03,-0.0598852859179947,0.003586247469479974
2009-01-04,0.09714887269617967,0.009437903466138523
2009-01-05,-0.0021188299856946535,4.489440508278806e-06
2009-01-06,-0.03653549418700372,0.0013348423354885826
2009-01-07,0.06905417899491015,0.00476847963666109
2009-01-08,-0.009456159376533768,8.941895015440751e-05
2009-01-09,0.04759314330413645,0.002265107289568068
2009-01-10,0.02511413770613602,0.000630719912722763
2009-01-11,0.0410407976356426,0.0016843470705697671
2009-01-12,-0.024538331277065353,0.0006021297018630038
2009-01-13,0.0911417135838585,0.008306811955002097
2009-01-14,-0.10338569808681428,0.010688602568897913
2009-01-15,-0.00955293008592252,9.125847322652365e-05
2009-01-16,0.29233299919989286,0.08545858242120456
2009-01-17,0.20006846183895738,0.04002738942260634
2009-01-18,0.20006707317990796,0.04002683377077465
2009-01-19,-0.17788659474005827,0.03164364058821373
2009-01-20,-0.13381315475489722,0.01790596038545807
2009-01-21,-0.13384758381566006,0.017915175693290146
2009-01-22,-0.17182049375575473,0.02952228207447135
2009-01-23,0.0803340329653082,0.006453556852471224
2009-01-24,0.002155761476014803,4.647307541469522e-06
2009-01-25,0.24976850712719134,0.06238430715254583
2009-01-26,-0.12164118997700643,0.01479657909902217
2009-01-27,-0.1880443086111513,0.03536066200104591
2009-01-28,0.21141488822708127,0.04469625496406927
2009-01-29,-0.13860801189673255,0.019212180961964753
2009-01-30,0.11350564762331458,0.01288353204238806
2009-01-31,0.2261510895814838,0.05114431531889231
2009-02-01,-0.161517114760197,0.026087778360458648
2009-02-02,-0.02873821763287685,0.000825885152714594
2009-02-03,-0.07917751914041075,0.006269079537230111
2009-02-04,0.08619922444900548,0.007430306295610024
2009-02-05,-0.07650659669006143,0.005853259337095719
2009-02-06,0.07540918457735525,0.005686545118621633
2009-02-07,0.17718896423753508,0.031395929047570485
2009-02-08,-0.037706573713820496,0.0014217857012357787
2009-02-09,-0.04098984315784211,0.001680167242104496
2009-02-10,-0.08274376639219774,0.0068465308767665925
2009-02-11,0.10465122080628786,0.010951878016246417
2009-02-12,-0.001322321087904671,1.7485330595173925e-06
2009-02-13,-0.09074219687746887,0.008234146294149322
2009-02-14,0.007464703088127855,5.572179219390554e-05
2009-02-15,-0.1539853242613147,0.023711480087862235
2009-02-16,-0.08071228645526837,0.006514473184837298
2009-02-17,-0.4155238307280221,0.17266005390289
2009-02-18,-0.2702106250834902,0.0730137819080105
2009-02-19,-0.1415693573106601,0.020041882929353348
2009-02-20,0.27510028086567795,0.07568016453237489
2009-02-21,-0.18176935676929132,0.03304009906032191
2009-02-22,0.31996026740204075,0.10237457271598542
2009-02-23,0.33892824585302966,0.11487235583701172
2009-02-24,-0.09187965027944375,0.008441870135472889
2009-02-25,-0.2307691652637541,0.05325440763652985
2009-02-26,-0.06402383235994487,0.0040990511100543236
2009-02-27,0.20519746048073645,0.0421059977877434
2009-02-28,-0.09852166082838426,0.009706517652383185
2009-03-01,0.27170323144671715,0.07382264597858836
2009-03-02,-0.11239961750836583,0.012633674016026938
2009-03-03,0.060590970073286905,0.0036712656544219493
2009-03-04,-0.03125599224783109,0.0009769370513964773
2009-03-05,-0.05783917376509504,0.003345370021828858
2009-03-06,0.07561389716103614,0.00571746144387975
2009-03-07,-0.07356401813953045,0.005411664764833166
2009-03-08,0.20135737432394218,0.040544792194632175
2009-03-09,-0.04055255854594103,0.001644510004621975
2009-03-10,0.013959298388500421,0.00019486201149919045
2009-03-11,0.11708927303084665,0.013709897858892154
2009-03-12,-0.002320231271909584,5.383473155147166e-06
2009-03-13,-0.10728560852566105,0.011510201796721395
2009-03-14,0.07367307102355233,0.005427721394041386
2009-03-15,-0.0166512452042017,0.0002772639668504501
2009-03-16,-0.11091587737249037,0.01230233185330932
2009-03-17,0.06586893125502932,0.004338716104679779
2009-03-18,-0.19266075376949554,0.03711816604303019
2009-03-19,-0.09688020925305516,0.009385774944915755
2009-03-20,0.009429268089727869,8.891109670796025e-05
2009-03-21,0.04850707990395804,0.0023529368008089703
2009-03-22,-0.00759253544121373,5.764659442608656e-05
2009-03-23,-0.05877789484701319,0.00345484092264654
2009-03-24,0.021165844163382755,0.00044799295914860383
2009-03-25,0.016618569767727936,0.00027617686112484097
2009-03-26,-0.10897643293539586,0.01187586293532283
2009-03-27,0.11447539327602,0.013104615665699443
2009-03-28,0.11093444742676925,0.01230645162588263
2009-03-29,0.1235719502180646,0.015270026880695835
2009-03-30,-0.06755358539023776,0.0045634868990761445
2009-03-31,0.019664535625047982,0.00038669396134878125
2009-04-01,-0.0969338720275166,0.009396175546246966
2009-04-02,0.050498483933320605,0.0025500968795638393
2009-04-03,-0.09724941313087403,0.009457448354299413
2009-04-04,0.12588769420702248,0.0158477115527608
2009-04-05,-0.1585994867436543,0.02515379719535057
2009-04-06,0.03979027366648509,0.0015832658784537769
2009-04-07,-0.10170176985320342,0.010343249991273956
2009-04-08,-0.04485490756697589,0.0020119627328419507
2009-04-09,0.16168749503165306,0.02614284604961083
2009-04-10,0.058022410481200326,0.0033666001180489053
2009-04-11,0.15470682082793152,0.023934200410685707
2009-04-12,0.05338556363363012,0.0028500184044803704
2009-04-13,-0.03406858690461262,0.0011606686136771424
2009-04-14,-0.11628382224370204,0.013521927315604892
2009-04-15,-0.2110390980293533,0.044537500897042996
2009-04-16,0.07108726679821586,0.005053399500840724
2009-04-17,0.14223775368641295,0.02023157857375668
2009-04-18,-0.14786073652644335,0.0218627974061423
2009-04-19,-0.09799655606604907,0.009603325000806299
2009-04-20,0.037333009070787807,0.0013937535662795245
2009-04-21,0.07918888249664346,0.006270879111067206
2009-04-22,-0.09825828625344445,0.00965469081746383
2009-04-23,-0.10552647062286052,0.011135836002117445
2009-04-24,-0.06881721407566355,0.004735808953135705
2009-04-25,0.1584670583331294,0.025111808576755438
2009-04-26,0.040083698484962196,0.0016067028842333606
2009-04-27,-0.043368952635369745,0.0018808660526889443
2009-04-28,0.040739040341195604,0.0016596694079215627
2009-04-29,-0.017800210671396643,0.00031684749994610295
2009-04-30,0.12578220550814068,0.015821163222492135
2009-05-01,-0.05233836942144884,0.002739304913696051
2009-05-02,-0.10696190138479093,0.01144084834784974
2009-05-03,0.038860414058367355,0.0015101317807877553
2009-05-04,0.06601260384620897,0.004357663866556523
2009-05-05,0.014617703087831115,0.00021367724356398732
2009-05-06,-0.13088176790279313,0.01713003716936061
2009-05-07,-0.14038162015689193,0.019706999277873886
2009-05-08,0.1855866824535936,0.03444241670413099
2009-05-09,-0.1766292762187486,0.031197901217558992
2009-05-10,0.20925191105611377,0.043786362280635746
2009-05-11,-0.03688035423311348,0.0013601605283599311
2009-05-12,0.024198263030676313,0.000585555933701796
2009-05-13,-0.1450093911215672,0.021027723513447647
2009-05-14,0.09514068926776587,0.009051750754345578
2009-05-15,-0.04393445874332585,0.001930236665069001
2009-05-16,0.14711676063599843,0.021643341260029657
2009-05-17,-0.05599900132383538,0.003135888149266917
2009-05-18,-0.08668673229451776,0.007514589555901389
2009-05-19,0.04584739069836975,0.0021019832338489614
2009-05-20,-0.11387122913692765,0.01296665682515468
2009-05-21,0.0869817878885914,0.007565831424295905
2009-05-22,-0.16674460085089143,0.027803761912923105
2009-05-23,0.05504396631392876,0.0030298382275689238
2009-05-24,-0.06964258239442618,0.004850089282564439
2009-05-25,0.033047787850326416,0.0010921562818001823
2009-05-26,-0.040265641077584076,0.0016213218513888262
2009-05-27,0.040742694287932854,0.0016599671378399565
2009-05-28,-0.07238281050587271,0.005239271256729077
2009-05-29,-0.00949751674752582,9.020282436953343e-05
2009-05-30,0.07844901200556646,0.006154247484649511
2009-05-31,-0.18978123611354697,0.036016917580785866
2009-06-01,0.13073432112122868,0.01709146271902854
2009-06-02,-0.1439203636747311,0.02071307108026686
2009-06-03,0.04304408625765497,0.0018527933617564414
2009-06-04,-0.08763484101540261,0.007679865359794893
2009-06-05,0.029293916546846106,0.0008581335466535841
2009-06-06,0.04572855870602368,0.002091101081330254
2009-06-07,-0.03542003562620549,0.0012545789237616662
2009-06-08,0.005905321663217104,3.487282394606123e-05
2009-06-09,0.00996013499681777,9.920428915483412e-05
2009-06-10,0.09425616288037585,0.00888422424093194
2009-06-11,-0.003679650895066028,1.3539830709560219e-05
2009-06-12,-0.07049401584577095,0.0049694062700638055
2009-06-13,-0.35785300284546306,0.128058771645515
2009-06-14,-0.18687570693480252,0.0349225298423822
2009-06-15,0.0514531265450337,0.0026474242312592516
2009-06-16,0.18124158397714518,0.032848511762544566
2009-06-17,-0.0855050574572739,0.00731111485077171
2009-06-18,0.09184820358378412,0.008436092501568255
2009-06-19,-0.016443610937316333,0.0002703923406578293
2009-06-20,0.0017362929039440277,3.0147130482863844e-06
2009-06-21,-0.08424390819516454,0.007097036067995312
2009-06-22,0.05965946764991759,0.003559252080271564
2009-06-23,-0.03249238317749976,0.0010557549645534693
2009-06-24,0.1862664547900411,0.03469519218005043
2009-06-25,-0.17925859668435823,0.03213364448524541
2009-06-26,0.13134823198508616,0.017252358045608013
2009-06-27,0.15875572756128106,0.025203381033511697
2009-06-28,-0.07871060780678027,0.006195359781312779
2009-06-29,-0.02459567254544645,0.0006049471079628283
2009-06-30,-0.005111282268718417,2.612520643051529e-05
2009-07-01,0.019889420858394197,0.00039558906208232616
2009-07-02,0.059215316697208385,0.003506453731550686
2009-07-03,-0.14890742893007414,0.02217342239056508
2009-07-04,0.0551328549064367,0.003039631690134201
2009-07-05,0.10192562720407093,0.010388833480943244
2009-07-06,-0.09032184310232912,0.008158035341401759
2009-07-07,-0.012923332955371347,0.00016701253467538713
2009-07-08,0.020713343888033968,0.00042904261502395416
2009-07-09,-0.09659156452945641,0.009329930338248143
2009-07-10,0.07075888800850913,0.005006820232200737
2009-07-11,-0.10293983899001585,0.010596610451290388
2009-07-12,-0.21699743659021656,0.04708788748672506
2009-07-13,-0.13351395970695626,0.01782597743663074
2009-07-14,0.021120667538328308,0.00044608259726459514
2009-07-15,-0.08874714588691607,0.007876055903073564
2009-07-16,-0.0483843677256494,0.002341047040210863
2009-07-17,-0.021604738528239117,0.00046676472687357976
2009-07-18,0.04804320380428973,0.0023081494317805195
2009-07-19,0.17168208417722347,0.029474738027435245
2009-07-20,-0.11193490229390358,0.012529422351545742
2009-07-21,-0.015629392584228338,0.0002442779125519318
2009-07-22,-0.06027653472684749,0.0036332606386768516
2009-07-23,0.14891389946172198,0.022175349452895843
2009-07-24,-0.17084013635889225,0.0291863521911249
2009-07-25,-0.11806053241138437,0.01393828931325954
2009-07-26,-0.05933221641543698,0.003520311904768249
2009-07-27,0.042257338604930486,0.0017856826659717485
2009-07-28,0.060197097571012936,0.0036236905559740517
2009-07-29,0.03801029831734168,0.0014447827781733076
2009-07-30,0.034384680096132825,0.0011823062253133929
2009-07-31,0.08778283464089869,0.007705826057591362
2009-08-01,-0.10182399348797488,0.010368125649839152
2009-08-02,-0.10897103216882581,0.01187468585193927
2009-08-03,-0.05864006686845298,0.003438657442336637
2009-08-04,-0.09236278840914725,0.008530884682712904
2009-08-05,-0.054872453948359656,0.0030109862023148513
2009-08-06,-0.0025453866537744375,6.478993217213028e-06
2009-08-07,-0.027628971933332042,0.0007633600900928498
2009-08-08,-0.051691166850055086,0.002671976730320234
2009-08-09,0.21110884645282924,0.04456694505064423
2009-08-10,0.15321294540825686,0.023474206640673498
2009-08-11,0.051105823003317924,0.0026118051448464595
2009-08-12,-0.003113648688625993,9.694808156182366e-06
2009-08-13,0.0300496929505309,0.0009029840464211865
2009-08-14,-0.01494520113652281,0.0002233590370111227
2009-08-15,0.27244068189558535,0.07422392515173153
2009-08-16,0.05979891940649626,0.003575910762184635
2009-08-17,-0.061930283805344905,0.003835360052210565
2009-08-18,0.06438189776540976,0.004145028759875674
2009-08-19,-0.0706758145533413,0.004995070762778291
2009-08-20,-0.025530685212760904,0.0006518158874330883
2009-08-21,0.11822854982603082,0.013977989993966251
2009-08-22,0.16257064157050272,0.026429213500644866
2009-08-23,-0.02605090116592315,0.0006786494515566963
2009-08-24,0.1108443206342063,0.01228646341685873
2009-08-25,-0.11467331624143837,0.013149969457808932
2009-08-26,0.042275495219613775,0.0017872174960635871
2009-08-27,-0.12282221816482036,0.015085297274926728
2009-08-28,0.07909108327673739,0.0062553994538878084
2009-08-29,0.08273375739850022,0.006844874613273891
2009-08-30,0.19787683958790372,0.03915524364529698
2009-08-31,0.006510749856139503,4.2389863689220556e-05
2009-09-01,-0.11347737640595518,0.012877114955978833
2009-09-02,0.028228768127194298,0.0007968633499789007
2009-09-03,0.05000998336980034,0.002500998436647706
2009-09-04,-0.06347237480724727,0.004028742363671678
2009-09-05,0.11323838394766088,0.012822931599077861
2009-09-06,-0.025798864764825027,0.0006655814231537303
2009-09-07,0.04347541863682132,0.0018901120256468705
2009-09-08,-0.07976510395930075,0.006362471809638057
2009-09-09,0.1095088085981453,0.01199217916058522
2009-09-10,-0.05418408933431572,0.0029359155369891063
2009-09-11,0.02970979505389254,0.0008826719221442977
2009-09-12,0.2292474230512606,0.052554380975643654
2009-09-13,0.013178673113965811,0.00017367742504476532
2009-09-14,0.10047674262117157,0.010095575807761156
2009-09-15,-0.03944170928580349,0.0015556484313858372
2009-09-16,0.07700751129205971,0.005930156795396704
2009-09-17,-0.08260906195243876,0.006824257116661866
2009-09-18,0.01786325518701118,0.00031909588587628176
2009-09-19,0.17053750354479624,0.029083040115291392
2009-09-20,0.11016125879225465,0.012135502938694103
2009-09-21,-0.050792052054362075,0.0025798325518930267
2009-09-22,-0.13241858241919863,0.0175346809699101
2009-09-23,0.02650216441940058,0.000702364718912942
2009-09-24,-0.007756374633032137,6.016134744794442e-05
2009-09-25,-0.09800055295595889,0.009604108379673702
2009-09-26,0.00937644477697333,8.791771665563045e-05
2009-09-27,-0.030709459199706406,0.0009430708843384324
2009-09-28,0.010153072619377562,0.00010308488361435435
2009-09-29,-0.12141487376614393,0.014741571571648666
2009-09-30,0.11693352763148658,0.013673449884343635
2009-10-01,-0.048398533854025885,0.0023424180792192897
2009-10-02,-0.04370391806038141,0.0019100324538285324
2009-10-03,0.07636788157572257,0.005832053336363586
2009-10-04,0.033388248805412274,0.0011147751582921141
2009-10-05,-0.009034650376997064,8.162490743457319e-05
2009-10-06,-0.009306603879765465,8.661287577486561e-05
2009-10-07,0.07376206176867588,0.005440841756365955
2009-10-08,0.049014122308564056,0.002402384185678877
2009-10-09,-0.023274919026553625,0.000541721855692628
2009-10-10,0.11573291075582227,0.013394106632015124
2009-10-11,0.0665791886548068,0.004432788361932355
2009-10-12,-0.044399811430618025,0.001971343255074439
2009-10-13,-0.04557640942170925,0.0020772090957752675
2009-10-14,-0.005542567149239716,3.0720050603831276e-05
2009-10-15,0.010132833516466003,0.00010267431507241678
2009-10-16,0.031458768823416014,0.0009896541358851315
2009-10-17,0.26483624537695405,0.07013823686536222
2009-10-18,-0.14997004079660595,0.02249101313653565
2009-10-19,-0.0009417695676319643,8.869299185176969e-07
2009-10-20,0.0034313613598969672,1.1774240782193964e-05
2009-10-21,0.02943770989949926,0.0008665787641270767
2009-10-22,-0.061324881562872705,0.0037607410987003645
2009-10-23,0.09251059429325373,0.008558210056490989
2009-10-24,0.17030505474148766,0.029003811670501107
2009-10-25,0.11248920240577198,0.012653820657886738
2009-10-26,-0.22822591721266425,0.05208706928756188
2009-10-27,-0.19496459684036474,0.03801119402112596
2009-10-28,-0.15087981281540527,0.022764717915211733
2009-10-29,0.22960370710597827,0.052717862316807855
2009-10-30,-0.05150971861540203,0.0026532511118378945
2009-10-31,0.03067113992784186,0.0009407188244732551
2009-11-01,0.029175808583473822,0.0008512278064995047
2009-11-02,0.013471641576174712,0.00018148512675691906
2009-11-03,0.1674659927795023,0.028044858737624318
2009-11-04,-0.10268729365289334,0.010544680277755548
2009-11-05,0.007705532124051256,5.9375225314785865e-05
2009-11-06,-0.06690006185728631,0.004475618276508734
2009-11-07,-0.08395622905837848,0.007048648397702914
2009-11-08,0.25096280948435384,0.06298233174428008
2009-11-09,-0.11219854336566928,0.012588513133377971
2009-11-10,-0.010462292491265443,0.00010945956417278927
2009-11-11,0.029668118503950625,0.0008801972555644575
2009-11-12,-0.06160063516376198,0.0037946382525789087
2009-11-13,0.024403993551237724,0.0005955549012488524
2009-11-14,0.17842740883989036,0.03183634022531739
2009-11-15,-0.027274900536488345,0.0007439201992753321
2009-11-16,-0.011682527763836464,0.0001364814549528098
2009-11-17,-0.032634820314337606,0.0010650314969491024
2009-11-18,0.16862029401550932,0.02843280355387681
2009-11-19,-0.1333910204880315,0.01779316434683844
2009-11-20,0.13838544159317126,0.019150530444937013
2009-11-21,0.06205483805979463,0.003850802926627336
2009-11-22,0.09701947500852462,0.009412778530929733
2009-11-23,-0.11385122225825242,0.012962100809697992
2009-11-24,0.06691495191084595,0.0044776107892308264
2009-11-25,-0.10188385040969525,0.010380318974305159
2009-11-26,-0.029452519059020077,0.0008674508789219408
2009-11-27,-0.10264386085504126,0.010535762171229071
2009-11-28,-0.037541990758142796,0.001409401070084479
2009-11-29,-0.06039050020243989,0.0036470125147008924
2009-11-30,0.10185027878808844,0.010373479289211339
2009-12-01,-0.04737845594870391,0.0022447180880832765
2009-12-02,0.09830465639833058,0.009663805469593837
2009-12-03,-0.0957152852612331,0.009161415832639226
2009-12-04,0.06064930681925721,0.0036783384176563992
2009-12-05,0.06773098584415885,0.004587486443421647
2009-12-06,0.10443271662204959,0.010906192301061312
2009-12-07,-0.00018657813922953737,3.481140203835663e-08
2009-12-08,0.006509313220674384,4.237115860484632e-05
2009-12-09,-0.12845053789918004,0.01649954068658869
2009-12-10,0.13117281482006543,0.017206307347819177
2009-12-11,-0.021457947083706443,0.0004604434930471458
2009-12-12,-0.09666189878719453,0.00934352267714584
2009-12-13,0.06995556189740794,0.004893780640382073
2009-12-14,0.024001363031839196,0.0005760654273861372
2009-12-15,-0.0020968892311974408,4.396944447911794e-06
2009-12-16,-0.24700879982400253,0.06101334719049416
2009-12-17,0.07410822584853594,0.00549202913841761
2009-12-18,0.02292260006217746,0.000525445593610538
2009-12-19,0.06134524267090996,0.003763238798352832
2009-12-20,-0.2862753846120343,0.08195359583476815
2009-12-21,0.24155595189127682,0.05834927789410084
2009-12-22,-0.033732692630028184,0.0011378945520719578
2009-12-23,-0.15270335029778315,0.02331831319216747
2009-12-24,0.3872445916965333,0.14995837379821478
2009-12-25,0.0005050757851112753,2.551015487057711e-07
2009-12-26,0.03309689348783252,0.0010954043585449306
2009-12-27,0.02013816540336118,0.0004055457058131332
2009-12-28,0.055391457181218864,0.0030682135286588027
2009-12-29,-0.005241548586165995,2.7473831581138737e-05
2009-12-30,0.06577344243899363,0.004326145730275609
2009-12-31,0.02062047115473356,0.00042520383064319884
2010-01-01,-0.25714899639643757,0.06612560634769506
2010-01-02,-0.1726638492455752,0.029812804836298723
2010-01-03,0.08689954603661612,0.007551531101369965
2010-01-04,-0.05518288298820627,0.0030451505748900647
2010-01-05,0.15665065805485828,0.024539428669020136
2010-01-06,-0.12808065827702994,0.01640465502467732
2010-01-07,0.012210525109541896,0.00014909692345075313
2010-01-08,0.03100199971689514,0.0009611239864463662
2010-01-09,0.1091159142266501,0.01190628273751766
2010-01-10,0.09953239879914932,0.009906698410712901
2010-01-11,-0.1383292002204373,0.019134967633625828
2010-01-12,0.12598499197422158,0.015872218202744676
2010-01-13,0.02751901771452471,0.0007572963359723248
2010-01-14,0.1346585180592581,0.01813291648591554
2010-01-15,0.03369324546758026,0.0011352347901386179
2010-01-16,-0.04036312142173502,0.0016291815709057241
2010-01-17,-0.09404761218313748,0.00884495335734983
2010-01-18,0.006868566090787394,4.717720014351442e-05
2010-01-19,0.11366770192322276,0.012920346460506618
2010-01-20,-0.015217286229315785,0.00023156580018492384
2010-01-21,0.009755119743602915,9.51623612120314e-05
2010-01-22,-0.06916159779429679,0.004783326609460078
2010-01-23,0.12533620934424416,0.0157091653727842
2010-01-24,-0.035370664143329386,0.0012510838819402071
2010-01-25,-0.018106410975776657,0.0003278421184237254
2010-01-26,-0.012008278141663921,0.00014419874392756352
2010-01-27,0.11600238086175621,0.013456552365595944
2010-01-28,-0.04646473663843706,0.0021589717508793153
2010-01-29,0.024029963282704056,0.0005774391353681051
2010-01-30,0.11824914593359398,0.013982860514024406
2010-01-31,-0.20059040910228076,0.04023651222382036
2010-02-01,-0.04541899300377705,0.002062884925477149
2010-02-02,0.021333350871101928,0.0004551118593895454
2010-02-03,0.14667551312144686,0.02151370614943973
2010-02-04,0.013341168663167396,0.00017798678129907973
2010-02-05,-0.006714208464765413,4.5080595308327524e-05
2010-02-06,0.07533115451660018,0.0056747828408038915
2010-02-07,-0.24046243364839498,0.05782218199610876
2010-02-08,0.22757201094058185,0.051789020163540304
2010-02-09,-0.025556037762657087,0.0006531110661263551
2010-02-10,-0.12866850624521814,0.01655558449937574
